Vehicle_ID,Frame_ID,Total_Frames,Global_Time,Local_X,Local_Y,Global_X,Global_Y,v_Length,v_Width,v_Class,v_Vel,v_Acc,Lane_ID,Preceeding,Following,Space_Hdwy,Time_Hdwy,Type
50,303,784,1118848787300,1.3438632,35.404958400000005,6451177.36,1873318.796,15.5,6.4,2,2.7919680000000002,2.801112,1,43,55,16.123920000000002,1.7617440000000002,Follower
50,304,784,1118848787400,1.3399008000000001,35.695432800000006,6451178.009,1873318.092,15.5,6.4,2,3.0967680000000004,3.233928,1,43,55,16.29156,1.603248,Follower
50,305,784,1118848787500,1.3307568,36.021264,6451178.735,1873317.329,15.5,6.4,2,3.44424,3.41376,1,43,55,16.422624000000003,1.4538959999999999,Follower
50,306,784,1118848787600,1.324356,36.3851952,6451179.539,1873316.466,15.5,6.4,2,3.819144,3.41376,1,43,55,16.517112,1.3167360000000001,Follower
50,307,784,1118848787700,1.3267944,36.784788000000006,6451180.416,1873315.478,15.5,6.4,2,4.166616,3.267456,1,43,55,16.578072000000002,1.213104,Follower
50,308,784,1118848787800,1.3359384,37.2264432,6451181.374,1873314.366,15.5,6.4,2,4.4196,1.895856,1,43,55,16.59636,1.146048,Follower
50,309,784,1118848787900,1.3335000000000001,37.6882152,6451182.402,1873313.234,15.5,6.4,2,4.5384720000000005,0.402336,1,43,55,16.578072000000002,1.11252,Follower
50,310,784,1118848788000,1.3313664,38.150292,6451183.41,1873312.123,15.5,6.4,2,4.544568,-0.448056,1,43,55,16.514064,1.106424,Follower
50,311,784,1118848788100,1.3270992000000001,38.6035296,6451184.425,1873311.014,15.5,6.4,2,4.498848,-0.5516880000000001,1,43,55,16.422624000000003,1.11252,Follower
50,312,784,1118848788200,1.331976,39.0515856,6451185.434,1873309.895,15.5,6.4,2,4.437888,-0.6339840000000001,1,43,55,16.297656,1.118616,Follower
50,313,784,1118848788300,1.3478256,39.49385040000001,6451186.404,1873308.776,15.5,6.4,2,4.355592,-0.9265920000000001,1,43,55,16.154400000000003,1.130808,Follower
50,314,784,1118848788400,1.3679424000000002,39.9263616,6451187.327,1873307.688,15.5,6.4,2,4.255008,-1.167384,1,43,55,16.023336,1.1490960000000001,Follower
50,315,784,1118848788500,1.3865352000000002,40.345156800000005,6451188.21,1873306.648,15.5,6.4,2,4.154424000000001,-0.957072,1,43,55,15.907512,1.167384,Follower
50,316,784,1118848788600,1.3984224,40.7520648,6451189.087,1873305.648,15.5,6.4,2,4.0873680000000006,-0.39928800000000003,1,43,55,15.806928000000001,1.1795760000000002,Follower
50,317,784,1118848788700,1.4069568,41.156229599999996,6451189.97,1873304.658,15.5,6.4,2,4.059936,-0.05181600000000001,1,43,55,15.706344000000001,1.1795760000000002,Follower
50,318,784,1118848788800,1.4170152,41.5613088,6451190.854,1873303.659,15.5,6.4,2,4.059936,0.039624000000000006,1,43,55,15.605760000000002,1.170432,Follower
50,319,784,1118848788900,1.4270736000000002,41.9676072,6451191.738,1873302.661,15.5,6.4,2,4.062984,0.021336000000000004,1,43,55,15.505176,1.164336,Follower
50,320,784,1118848789000,1.4368272000000002,42.3739056,6451192.622,1873301.663,15.5,6.4,2,4.062984,0,1,43,55,15.401544000000001,1.155192,Follower
50,321,784,1118848789100,1.4468856,42.7805088,6451193.506,1873300.664,15.5,6.4,2,4.062984,0,1,43,55,15.300960000000002,1.1490960000000001,Follower
50,322,784,1118848789200,1.4569440000000002,43.1868072,6451194.39,1873299.666,15.5,6.4,2,4.062984,-0.006096000000000001,1,43,55,15.200376,1.139952,Follower
50,323,784,1118848789300,1.4670024,43.5931056,6451195.274,1873298.667,15.5,6.4,2,4.062984,0,1,43,55,15.096744000000001,1.1338560000000002,Follower
50,324,784,1118848789400,1.4770608,43.999404,6451196.157,1873297.669,15.5,6.4,2,4.062984,0,1,43,55,14.996160000000001,1.124712,Follower
50,325,784,1118848789500,1.487424,44.405702399999996,6451197.041,1873296.67,15.5,6.4,2,4.062984,0,1,43,55,14.895576,1.118616,Follower
50,326,784,1118848789600,1.4971776,44.8120008,6451197.925,1873295.672,15.5,6.4,2,4.062984,0,1,43,55,14.79804,1.109472,Follower
50,327,784,1118848789700,1.5072360000000002,45.218299200000004,6451198.809,1873294.674,15.5,6.4,2,4.062984,0,1,43,55,14.700504,1.1033760000000001,Follower
50,328,784,1118848789800,1.5172944,45.62459760000001,6451199.693,1873293.675,15.5,6.4,2,4.062984,0,1,43,55,14.581632000000003,1.094232,Follower
50,329,784,1118848789900,1.527048,46.030896000000006,6451200.577,1873292.677,15.5,6.4,2,4.062984,0,1,43,55,14.429232000000003,1.08204,Follower
50,330,784,1118848790000,1.5371064,46.4371944,6451201.461,1873291.678,15.5,6.4,2,4.062984,0,1,43,55,14.243304,1.069848,Follower
50,331,784,1118848790100,1.5474696000000001,46.84349280000001,6451202.344,1873290.68,15.5,6.4,2,4.062984,0,1,43,55,14.039088000000001,1.054608,Follower
50,332,784,1118848790200,1.5575280000000002,47.249791200000004,6451203.228,1873289.681,15.5,6.4,2,4.062984,0,1,43,55,13.828776,1.0363200000000001,Follower
50,333,784,1118848790300,1.5672816000000003,47.6560896,6451204.112,1873288.683,15.5,6.4,2,4.062984,0,1,43,55,13.615416000000002,1.02108,Follower
50,334,784,1118848790400,1.57734,48.062388000000006,6451204.996,1873287.685,15.5,6.4,2,4.062984,0,1,43,55,13.392912,1.00584,Follower
50,335,784,1118848790500,1.5873984,48.4686864,6451205.88,1873286.686,15.5,6.4,2,4.062984,0,1,43,55,13.164312,0.9875520000000001,Follower
50,336,784,1118848790600,1.5971520000000001,48.8749848,6451206.764,1873285.688,15.5,6.4,2,4.062984,0,1,43,55,12.932664,0.9692640000000001,Follower
50,337,784,1118848790700,1.6075152000000001,49.281283200000004,6451207.648,1873284.689,15.5,6.4,2,4.062984,0,1,43,55,12.707112,0.954024,Follower
50,338,784,1118848790800,1.6175736000000003,49.6875816,6451208.531,1873283.691,15.5,6.4,2,4.062984,0,1,43,55,12.490704,0.935736,Follower
50,339,784,1118848790900,1.627632,50.09327040000001,6451209.415,1873282.692,15.5,6.4,2,4.0690800000000005,0.09144000000000001,1,43,55,12.271248,0.9204960000000001,Follower
50,340,784,1118848791000,1.6373856,50.500788,6451210.299,1873281.694,15.5,6.4,2,4.075176,0.070104,1,43,55,12.05484,0.902208,Follower
50,341,784,1118848791100,1.6474440000000001,50.9134872,6451211.183,1873280.696,15.5,6.4,2,4.032504,-0.6979920000000001,1,43,55,11.829288000000002,0.8930640000000001,Follower
50,342,784,1118848791200,1.6581120000000003,51.3228336,6451212.088,1873279.671,15.5,6.4,2,3.880104,-2.19456,1,43,55,11.606784,0.9113520000000002,Follower
50,343,784,1118848791300,1.680972,51.7068816,6451212.916,1873278.672,15.5,6.4,2,3.593592,-3.41376,1,43,55,11.411712,0.9692640000000001,Follower
50,344,784,1118848791400,1.6852392,52.0446,6451213.661,1873277.85,15.5,6.4,2,3.1943040000000003,-3.41376,1,43,55,11.262360000000001,1.075944,Follower
50,345,784,1118848791500,1.6864584000000002,52.345742400000006,6451214.33,1873277.125,15.5,6.4,2,2.795016,-3.41376,1,43,55,11.149584,1.2161520000000001,Follower
50,346,784,1118848791600,1.6696944,52.60025040000001,6451214.915,1873276.577,15.5,6.4,2,2.505456,-2.203704,1,43,55,11.082528,1.347216,Follower
50,347,784,1118848791700,1.6642080000000001,52.8297648,6451215.424,1873276.056,15.5,6.4,2,2.353056,-0.70104,1,43,55,11.039856,1.4295120000000001,Follower
50,348,784,1118848791800,1.6596360000000001,53.0553168,6451215.954,1873275.508,15.5,6.4,2,2.310384,0.070104,1,43,55,11.00328,1.450848,Follower
50,349,784,1118848791900,1.6553688000000002,53.28635520000001,6451216.483,1873274.96,15.5,6.4,2,2.31648,0.094488,1,43,55,10.960608,1.441704,Follower
50,350,784,1118848792000,1.6507968000000002,53.519222400000004,6451217.013,1873274.412,15.5,6.4,2,2.322576,0,1,43,55,10.914888000000001,1.43256,Follower
50,351,784,1118848792100,1.6465296,53.7517848,6451217.543,1873273.863,15.5,6.4,2,2.322576,0,1,43,55,10.869168,1.426464,Follower
50,352,784,1118848792200,1.6419576,53.9840424,6451218.073,1873273.315,15.5,6.4,2,2.322576,0,1,43,55,10.826496000000002,1.420368,Follower
50,353,784,1118848792300,1.6376904,54.216300000000004,6451218.602,1873272.767,15.5,6.4,2,2.322576,0,1,43,55,10.780776,1.414272,Follower
50,354,784,1118848792400,1.6331184,54.4485576,6451219.132,1873272.219,15.5,6.4,2,2.322576,0,1,43,55,10.738104,1.408176,Follower
50,355,784,1118848792500,1.6288512000000002,54.680815200000005,6451219.662,1873271.671,15.5,6.4,2,2.322576,0,1,43,55,10.692384,1.40208,Follower
50,356,784,1118848792600,1.624584,54.9130728,6451220.191,1873271.123,15.5,6.4,2,2.322576,0,1,43,55,10.649712,1.399032,Follower
50,357,784,1118848792700,1.6200120000000002,55.145330400000006,6451220.721,1873270.575,15.5,6.4,2,2.322576,0,1,43,55,10.603992,1.3929360000000002,Follower
50,358,784,1118848792800,1.61544,55.377588,6451221.251,1873270.027,15.5,6.4,2,2.322576,0,1,43,55,10.56132,1.38684,Follower
50,359,784,1118848792900,1.6111727999999998,55.6101504,6451221.781,1873269.478,15.5,6.4,2,2.322576,0,1,43,55,10.515600000000001,1.3807440000000002,Follower
50,360,784,1118848793000,1.6069056000000002,55.8417984,6451222.31,1873268.93,15.5,6.4,2,2.328672,0.10363200000000002,1,43,55,10.463784,1.3685520000000002,Follower
50,361,784,1118848793100,1.6023336,56.07558,6451222.84,1873268.382,15.5,6.4,2,2.334768,0.045720000000000004,1,43,55,10.418064000000001,1.359408,Follower
50,362,784,1118848793200,1.5977616000000001,56.314543199999996,6451223.37,1873267.834,15.5,6.4,2,2.289048,-0.743712,1,43,55,10.415016000000001,1.38684,Follower
50,363,784,1118848793300,1.5950184,56.5486296,6451223.924,1873267.252,15.5,6.4,2,2.142744,-2.127504,1,43,55,10.466832000000002,1.487424,Follower
50,364,784,1118848793400,1.5995904,56.759856,6451224.392,1873266.726,15.5,6.4,2,1.8867120000000002,-3.212592,1,43,55,10.585704,1.7099280000000001,Follower
50,365,784,1118848793500,1.5855696000000001,56.930544000000005,6451224.802,1873266.353,15.5,6.4,2,1.5971520000000001,-2.852928,1,43,55,10.792968,2.060448,Follower
50,366,784,1118848793600,1.5614904,57.0649608,6451225.159,1873266.086,15.5,6.4,2,1.411224,-1.100328,1,43,55,11.088624000000001,2.395728,Follower
50,367,784,1118848793700,1.5526512000000001,57.190233600000006,6451225.43,1873265.837,15.5,6.4,2,1.3685520000000002,0.438912,1,43,55,11.396472000000001,2.538984,Follower
50,368,784,1118848793800,1.552956,57.3246504,6451225.742,1873265.5,15.5,6.4,2,1.420368,0.9204960000000001,1,43,55,11.692128,2.5085040000000003,Follower
50,369,784,1118848793900,1.5569184,57.470040000000004,6451226.091,1873265.106,15.5,6.4,2,1.524,1.060704,1,43,55,11.975592,2.395728,Follower
50,370,784,1118848794000,1.5587472,57.623354400000004,6451226.407,1873264.758,15.5,6.4,2,1.6855440000000002,1.8653760000000001,1,43,55,12.249912,2.215896,Follower
50,371,784,1118848794100,1.5489936,57.7919088,6451226.794,1873264.389,15.5,6.4,2,1.93548,3.249168,1,43,55,12.508992000000001,1.969008,Follower
50,372,784,1118848794200,1.5468600000000001,58.0028304,6451227.262,1873263.896,15.5,6.4,2,2.286,3.41376,1,43,55,12.7254,1.6977360000000001,Follower
50,373,784,1118848794300,1.5544799999999999,58.248499200000005,6451227.802,1873263.278,15.5,6.4,2,2.639568,3.313176,1,43,55,12.908280000000001,1.490472,Follower
50,374,784,1118848794400,1.5694152000000001,58.53836400000001,6451228.424,1873262.537,15.5,6.4,2,2.8925520000000002,1.8867120000000002,1,43,55,13.04544,1.374648,Follower
50,375,784,1118848794500,1.5733776000000002,58.846212,6451229.116,1873261.775,15.5,6.4,2,3.023616,0.573024,1,43,55,13.164312,1.32588,Follower
50,376,784,1118848794600,1.5770352000000003,59.1561936,6451229.788,1873261.034,15.5,6.4,2,3.057144,-0.054864,1,43,55,13.283184,1.322832,Follower
50,377,784,1118848794700,1.5806928,59.46221280000001,6451230.46,1873260.294,15.5,6.4,2,3.054096,-0.0762,1,43,55,13.405104,1.338072,Follower
50,378,784,1118848794800,1.5846552,59.766403200000006,6451231.132,1873259.553,15.5,6.4,2,3.048,0,1,43,55,13.527024,1.3533120000000003,Follower
50,379,784,1118848794900,1.588008,60.07120320000001,6451231.805,1873258.813,15.5,6.4,2,3.048,0,1,43,55,13.648944,1.3655040000000003,Follower
50,380,784,1118848795000,1.5919704000000001,60.37600320000001,6451232.477,1873258.072,15.5,6.4,2,3.048,0,1,43,55,13.773912,1.377696,Follower
50,381,784,1118848795100,1.5956280000000003,60.68110800000001,6451233.149,1873257.332,15.5,6.4,2,3.041904,-0.0762,1,43,55,13.895832000000002,1.3929360000000002,Follower
50,382,784,1118848795200,1.5992856,60.986212800000004,6451233.821,1873256.592,15.5,6.4,2,3.023616,-0.265176,1,43,55,14.017752000000002,1.414272,Follower
50,383,784,1118848795300,1.603248,61.2843072,6451234.493,1873255.851,15.5,6.4,2,3.0266640000000002,0.16764,1,43,55,14.148816000000002,1.423416,Follower
50,384,784,1118848795400,1.6066008,61.578744,6451235.145,1873255.133,15.5,6.4,2,3.133344,1.6489680000000002,1,43,55,14.27988,1.389888,Follower
50,385,784,1118848795500,1.6035528000000001,61.8890304,6451235.862,1873254.395,15.5,6.4,2,3.38328,3.41376,1,43,55,14.398752000000002,1.298448,Follower
50,386,784,1118848795600,1.6136112,62.2483896,6451236.651,1873253.523,15.5,6.4,2,3.761232,3.41376,1,43,55,14.465808000000001,1.17348,Follower
50,387,784,1118848795700,1.6312896000000001,62.6431056,6451237.515,1873252.536,15.5,6.4,2,4.166616,3.41376,1,43,55,14.499336000000001,1.060704,Follower
50,388,784,1118848795800,1.6617696000000002,63.082627200000005,6451238.461,1873251.402,15.5,6.4,2,4.483608,2.548128,1,43,55,14.487144,0.984504,Follower
50,389,784,1118848795900,1.6849344,63.552019200000004,6451239.474,1873250.234,15.5,6.4,2,4.67868,1.313688,1,43,55,14.44752,0.941832,Follower
50,390,784,1118848796000,1.69164,64.0326888,6451240.545,1873249.083,15.5,6.4,2,4.773168,0.451104,1,43,55,14.392656,0.9204960000000001,Follower
50,391,784,1118848796100,1.6943832,64.5148824,6451241.633,1873247.933,15.5,6.4,2,4.8006,0.0762,1,43,55,14.337792,0.9113520000000002,Follower
50,392,784,1118848796200,1.6992600000000002,64.9961616,6451242.711,1873246.784,15.5,6.4,2,4.803648,-0.036576,1,43,55,14.282928,0.9052560000000001,Follower
50,393,784,1118848796300,1.7044416,65.47652640000001,6451243.788,1873245.634,15.5,6.4,2,4.8006,-0.024384000000000003,1,43,55,14.234160000000001,0.9052560000000001,Follower
50,394,784,1118848796400,1.7093184,65.9562816,6451244.865,1873244.485,15.5,6.4,2,4.8006,0,1,43,55,14.200632000000002,0.902208,Follower
50,395,784,1118848796500,1.7141952,66.4363416,6451245.942,1873243.336,15.5,6.4,2,4.8006,0,1,43,55,14.200632000000002,0.902208,Follower
50,396,784,1118848796600,1.7193768,66.9164016,6451247.019,1873242.186,15.5,6.4,2,4.8006,0,1,43,55,14.228064,0.902208,Follower
50,397,784,1118848796700,1.7245584000000003,67.3964616,6451248.096,1873241.037,15.5,6.4,2,4.8006,0,1,43,55,14.270736000000001,0.9052560000000001,Follower
50,398,784,1118848796800,1.7294352000000002,67.8765216,6451249.173,1873239.888,15.5,6.4,2,4.8006,0,1,43,55,14.319504,0.908304,Follower
50,399,784,1118848796900,1.7343120000000003,68.35688640000001,6451250.251,1873238.738,15.5,6.4,2,4.8006,0,1,43,55,14.37132,0.9113520000000002,Follower
50,400,784,1118848797000,1.7391888000000002,68.8369464,6451251.328,1873237.589,15.5,6.4,2,4.8006,0,1,43,55,14.435328,0.9174479999999999,Follower
50,401,784,1118848797100,1.7443704,69.31700640000001,6451252.405,1873236.44,15.5,6.4,2,4.8006,0,1,43,55,14.50848,0.9204960000000001,Follower
50,402,784,1118848797200,1.7495520000000002,69.7970664,6451253.482,1873235.29,15.5,6.4,2,4.8006,0,1,43,55,14.578584000000001,0.9265920000000001,Follower
50,403,784,1118848797300,1.7544288000000001,70.277736,6451254.559,1873234.141,15.5,6.4,2,4.7975520000000005,-0.070104,1,43,55,14.648688000000002,0.92964,Follower
50,404,784,1118848797400,1.7593056000000002,70.756272,6451255.636,1873232.992,15.5,6.4,2,4.794504000000001,-0.012192000000000001,1,43,55,14.718792,0.935736,Follower
50,405,784,1118848797500,1.7644872,71.23176,6451256.713,1873231.842,15.5,6.4,2,4.83108,0.612648,1,43,55,14.791944,0.9326880000000001,Follower
50,406,784,1118848797600,1.7711928000000001,71.71029600000001,6451257.767,1873230.709,15.5,6.4,2,4.959096,1.819656,1,43,55,14.862048,0.9144000000000001,Follower
50,407,784,1118848797700,1.7611344,72.2065104,6451258.912,1873229.56,15.5,6.4,2,5.196840000000001,3.0693360000000003,1,43,55,14.907767999999999,0.8747760000000001,Follower
50,408,784,1118848797800,1.7492472000000001,72.7396056,6451260.146,1873228.328,15.5,6.4,2,5.522976000000001,3.41376,1,43,55,14.926056,0.8229600000000001,Follower
50,409,784,1118848797900,1.7410176,73.3111056,6451261.465,1873226.988,15.5,6.4,2,5.846064,3.0632400000000004,1,43,55,14.953488000000002,0.7802880000000001,Follower
50,410,784,1118848798000,1.7309592000000003,73.9191816,6451262.873,1873225.564,15.5,6.4,2,6.086856,1.816608,1,43,55,14.993112,0.749808,Follower
50,411,784,1118848798100,1.7041368000000001,74.544936,6451264.372,1873224.126,15.5,6.4,2,6.211824,0.612648,1,43,55,15.063216,0.737616,Follower
50,412,784,1118848798200,1.6788384,75.1740432,6451265.848,1873222.703,15.5,6.4,2,6.251448000000001,-0.006096000000000001,1,43,55,15.175992,0.7406640000000001,Follower
50,413,784,1118848798300,1.6538448000000001,75.7997976,6451267.324,1873221.28,15.5,6.4,2,6.2484,-0.073152,1,43,55,15.340584,0.749808,Follower
50,414,784,1118848798400,1.6285464,76.42311360000001,6451268.8,1873219.857,15.5,6.4,2,6.2484,0.070104,1,43,55,15.520416,0.755904,Follower
50,415,784,1118848798500,1.603248,77.048868,6451270.276,1873218.434,15.5,6.4,2,6.251448000000001,0.012192000000000001,1,43,55,15.688056,0.765048,Follower
50,416,784,1118848798600,1.5785592000000002,77.6773656,6451271.751,1873217.011,15.5,6.4,2,6.2179199999999994,-0.5334,1,43,55,15.852648,0.7772399999999999,Follower
50,417,784,1118848798700,1.552956,78.30190080000001,6451273.247,1873215.569,15.5,6.4,2,6.120384,-1.3716000000000002,1,43,55,16.020288,0.7985760000000001,Follower
50,418,784,1118848798800,1.5322296000000002,78.9102816,6451274.68,1873214.169,15.5,6.4,2,5.974080000000001,-1.7861280000000002,1,43,55,16.206216,0.8260080000000001,Follower
50,419,784,1118848798900,1.5066264,79.4942784,6451276.06,1873212.849,15.5,6.4,2,5.843016,-1.0668,1,43,55,16.41348,0.856488,Follower
50,420,784,1118848799000,1.490472,80.0651688,6451277.383,1873211.543,15.5,6.4,2,5.800344000000001,0.20726400000000003,1,43,55,16.64208,0.8747760000000001,Follower
50,421,784,1118848799100,1.4953488,80.6430696,6451278.663,1873210.183,15.5,6.4,2,5.821680000000001,0.542544,1,43,55,16.858488,0.88392,Follower
50,422,784,1118848799200,1.511808,81.2285904,6451279.987,1873208.721,15.5,6.4,2,5.858256,0.3048,1,43,55,17.05356,0.8869680000000001,Follower
50,423,784,1118848799300,1.5294864,81.8138064,6451281.344,1873207.217,15.5,6.4,2,5.931408,0.725424,1,43,55,17.233392000000002,0.8869680000000001,Follower
50,424,784,1118848799400,1.5688056000000001,82.4038992,6451282.668,1873205.758,15.5,6.4,2,6.0624720000000005,1.8745200000000002,1,43,55,17.397984,0.8747760000000001,Follower
50,425,784,1118848799500,1.6053816000000003,83.0119752,6451284.049,1873204.257,15.5,6.4,2,6.281928,2.846832,1,43,55,17.553432,0.850392,Follower
50,426,784,1118848799600,1.6477488,83.653884,6451285.476,1873202.685,15.5,6.4,2,6.568440000000001,2.8681680000000003,1,43,55,17.696688,0.819912,Follower
50,427,784,1118848799700,1.6910304,84.3271872,6451286.955,1873201.058,15.5,6.4,2,6.84276,2.602992,1,43,55,17.81556,0.7924800000000001,Follower
50,428,784,1118848799800,1.7370552000000001,85.02517920000001,6451288.501,1873199.353,15.5,6.4,2,7.092696,2.462784,1,43,55,17.916144000000003,0.7711439999999999,Follower
50,429,784,1118848799900,1.7846040000000003,85.749384,6451290.098,1873197.593,15.5,6.4,2,7.3182480000000005,2.0817840000000003,1,43,55,17.9832,0.749808,Follower
50,430,784,1118848800000,1.8373344,86.49401040000001,6451291.742,1873195.763,15.5,6.4,2,7.51332,1.758696,1,43,55,18.031968,0.7315200000000001,Follower
50,431,784,1118848800100,1.8873216000000002,87.25387680000001,6451293.422,1873193.912,15.5,6.4,2,7.6962,1.801368,1,43,55,18.065496000000003,0.71628,Follower
50,432,784,1118848800200,1.9336512000000001,88.03111679999999,6451295.139,1873192.04,15.5,6.4,2,7.891272000000001,2.078736,1,43,55,18.080736,0.6979920000000001,Follower
50,433,784,1118848800300,1.985772,88.830912,6451296.903,1873190.098,15.5,6.4,2,8.089392,2.0147280000000003,1,43,55,18.07464,0.679704,Follower
50,434,784,1118848800400,2.0436840000000003,89.65265280000001,6451298.718,1873188.079,15.5,6.4,2,8.26008,1.511808,1,43,55,18.04416,0.664464,Follower
50,435,784,1118848800500,2.1025104,90.4884144,6451300.572,1873186.019,15.5,6.4,2,8.406384,1.24968,1,43,55,18.004536,0.6522720000000001,Follower
50,436,784,1118848800600,2.1494496,91.3339296,6451302.439,1873184.001,15.5,6.4,2,8.555736000000001,1.5727680000000002,1,43,55,17.949672,0.6400800000000001,Follower
50,437,784,1118848800700,2.1781008,92.192856,6451304.4,1873181.974,15.5,6.4,2,8.741664,2.2067520000000003,1,43,55,17.879568,0.62484,Follower
50,438,784,1118848800800,2.2003512,93.0770808,6451306.436,1873179.905,15.5,6.4,2,8.96112,2.313432,1,43,55,17.78508,0.603504,Follower
50,439,784,1118848800900,2.21742,93.98873760000001,6451308.54,1873177.794,15.5,6.4,2,9.153144000000001,1.6764000000000001,1,43,55,17.675352,0.588264,Follower
50,440,784,1118848801000,2.2204680000000003,94.9183776,6451310.75,1873175.644,15.5,6.4,2,9.275064,0.7467600000000001,1,43,55,17.577816000000002,0.57912,Follower
50,441,784,1118848801100,2.2253448000000002,95.85716160000001,6451312.934,1873173.511,15.5,6.4,2,9.2964,-0.31699200000000005,1,43,55,17.513808,0.573024,Follower
50,442,784,1118848801200,2.2396704,96.79076400000001,6451315.113,1873171.34,15.5,6.4,2,9.223248000000002,-1.15824,1,43,55,17.486376,0.57912,Follower
50,443,784,1118848801300,2.2350984,97.7091264,6451317.303,1873169.244,15.5,6.4,2,9.104376,-1.3837920000000001,1,43,55,17.489424000000003,0.585216,Follower
50,444,784,1118848801400,2.1915120000000003,98.6079816,6451319.514,1873167.305,15.5,6.4,2,9.019032000000001,-0.576072,1,43,55,17.507712,0.5913120000000001,Follower
50,445,784,1118848801500,2.1332952,99.49860720000001,6451321.734,1873165.426,15.5,6.4,2,9.025128,0.710184,1,43,55,17.513808,0.5913120000000001,Follower
50,446,784,1118848801600,2.0897088,100.40416800000001,6451323.946,1873163.487,15.5,6.4,2,9.073896,0.694944,1,43,55,17.501616000000002,0.588264,Follower
50,447,784,1118848801700,2.0860512,101.3255784,6451326.157,1873161.366,15.5,6.4,2,9.040368,-1.0576560000000002,1,43,55,17.474184,0.588264,Follower
50,448,784,1118848801800,2.113788,102.2393688,6451328.274,1873159.194,15.5,6.4,2,8.830056,-3.3040320000000003,1,43,55,17.471136,0.603504,Follower
50,449,784,1118848801900,2.1189696000000002,103.10530560000001,6451330.308,1873157.204,15.5,6.4,2,8.494776,-3.41376,1,43,55,17.522952,0.627888,Follower
50,450,784,1118848802000,2.1089112,103.9282656,6451332.275,1873155.349,15.5,6.4,2,8.232648000000001,-1.8227040000000003,1,43,55,17.611344000000003,0.6522720000000001,Follower
50,451,784,1118848802100,2.0970240000000002,104.7222696,6451334.122,1873153.618,15.5,6.4,2,8.205216,1.240536,1,43,55,17.730216000000002,0.6583680000000001,Follower
50,452,784,1118848802200,2.0799552,105.5336472,6451336.081,1873151.802,15.5,6.4,2,8.41248,3.355848,1,43,55,17.8308,0.6461760000000001,Follower
50,453,784,1118848802300,2.0845272,106.39044000000001,6451338.102,1873149.828,15.5,6.4,2,8.729472000000001,3.33756,1,43,55,17.888712,0.62484,Follower
50,454,784,1118848802400,2.0948904,107.28929520000001,6451340.207,1873147.747,15.5,6.4,2,8.985504,1.8989040000000001,1,43,55,17.903952,0.606552,Follower
50,455,784,1118848802500,2.0927568,108.207048,6451342.39,1873145.647,15.5,6.4,2,9.110472000000001,0.512064,1,43,55,17.897856,0.597408,Follower
50,456,784,1118848802600,2.0906232,109.1251056,6451344.552,1873143.567,15.5,6.4,2,9.144,-0.0762,1,43,55,17.89176,0.597408,Follower
50,457,784,1118848802700,2.0881848,110.0355432,6451346.714,1873141.488,15.5,6.4,2,9.17448,0.527304,1,43,55,17.894808,0.59436,Follower
50,458,784,1118848802800,2.0860512,110.94689520000001,6451348.855,1873139.428,15.5,6.4,2,9.302496,1.883664,1,43,55,17.894808,0.585216,Follower
50,459,784,1118848802900,2.0717256,111.8801928,6451351.074,1873137.349,15.5,6.4,2,9.525,2.8102560000000003,1,43,55,17.87652,0.573024,Follower
50,460,784,1118848803000,2.0705064,112.85037120000001,6451353.362,1873135.144,15.5,6.4,2,9.750552,2.124456,1,43,55,17.833848,0.5577840000000001,Follower
50,461,784,1118848803100,2.0772120000000003,113.85042,6451355.73,1873132.824,15.5,6.4,2,9.841992,-0.118872,1,43,55,17.775936,0.5516880000000001,Follower
50,462,784,1118848803200,2.0933664000000003,114.8495544,6451358.061,1873130.497,15.5,6.4,2,9.726168000000001,-2.389632,1,43,55,17.733264000000002,0.554736,Follower
50,463,784,1118848803300,2.0982432,115.8175992,6451360.334,1873128.278,15.5,6.4,2,9.457944000000001,-3.3040320000000003,1,43,55,17.727168,0.569976,Follower
50,464,784,1118848803400,2.0936712,116.741448,6451362.514,1873126.193,15.5,6.4,2,9.186672000000002,-2.395728,1,43,55,17.763744000000003,0.588264,Follower
50,465,784,1118848803500,2.0881848,117.63634080000001,6451364.656,1873124.146,15.5,6.4,2,9.046464,-0.5394960000000001,1,43,55,17.827752,0.600456,Follower
50,466,784,1118848803600,2.089404,118.5291,6451366.869,1873122.1,15.5,6.4,2,9.043416,0.743712,1,43,55,17.89176,0.603504,Follower
50,467,784,1118848803700,2.0857464,119.4349656,6451369.1,1873120.061,15.5,6.4,2,9.110472000000001,0.8991600000000001,1,43,55,17.946624,0.600456,Follower
50,468,784,1118848803800,2.084832,120.35393760000001,6451371.321,1873118.018,15.5,6.4,2,9.177528,0.347472,1,47,55,29.364432,0.9753600000000001,Follower
50,469,784,1118848803900,2.0842224000000003,121.2762624,6451373.541,1873115.975,15.5,6.4,2,9.198864,-0.015240000000000002,1,47,55,29.132784,0.9662160000000001,Follower
50,470,784,1118848804000,2.0836128,122.195844,6451375.761,1873113.931,15.5,6.4,2,9.195816,0,1,47,55,28.904184,0.957072,Follower
50,471,784,1118848804100,2.0830032,123.11542560000001,6451377.981,1873111.888,15.5,6.4,2,9.195816,0.006096000000000001,1,47,55,28.675584,0.950976,Follower
50,472,784,1118848804200,2.0820888,124.035312,6451380.202,1873109.845,15.5,6.4,2,9.198864,0,1,47,55,28.446984,0.941832,Follower
50,473,784,1118848804300,2.0817840000000003,124.95519840000001,6451382.422,1873107.801,15.5,6.4,2,9.198864,0,1,47,55,28.218384,0.935736,Follower
50,474,784,1118848804400,2.0811744,125.87478000000002,6451384.642,1873105.758,15.5,6.4,2,9.195816,0,1,47,55,27.989784,0.9265920000000001,Follower
50,475,784,1118848804500,2.0805648,126.79436160000002,6451386.862,1873103.715,15.5,6.4,2,9.195816,0,1,47,55,27.761184,0.9204960000000001,Follower
50,476,784,1118848804600,2.0799552,127.714248,6451389.083,1873101.671,15.5,6.4,2,9.195816,0,1,47,55,27.532584,0.9113520000000002,Follower
50,477,784,1118848804700,2.0793456,128.6338296,6451391.303,1873099.628,15.5,6.4,2,9.195816,0,1,47,55,27.303984,0.9052560000000001,Follower
50,478,784,1118848804800,2.0784312000000003,129.5534112,6451393.523,1873097.585,15.5,6.4,2,9.195816,0,1,47,55,27.075384,0.896112,Follower
50,479,784,1118848804900,2.0781264,130.47329760000002,6451395.743,1873095.541,15.5,6.4,2,9.198864,0,1,47,55,26.846784,0.890016,Follower
50,480,784,1118848805000,2.0772120000000003,131.393184,6451397.964,1873093.498,15.5,6.4,2,9.195816,-0.006096000000000001,1,47,55,26.618184,0.8808720000000001,Follower
50,481,784,1118848805100,2.0766024,132.3127656,6451400.184,1873091.455,15.5,6.4,2,9.195816,0,1,47,55,26.389584,0.8747760000000001,Follower
50,482,784,1118848805200,2.0762976,133.2323472,6451402.404,1873089.411,15.5,6.4,2,9.195816,0,1,47,55,26.164032000000002,0.8686800000000001,Follower
50,483,784,1118848805300,2.075688,134.1519288,6451404.624,1873087.368,15.5,6.4,2,9.195816,0.006096000000000001,1,47,55,25.932384000000003,0.859536,Follower
50,484,784,1118848805400,2.0747736000000003,135.0718152,6451406.845,1873085.325,15.5,6.4,2,9.198864,0,1,47,55,25.69464,0.850392,Follower
50,485,784,1118848805500,2.074164,135.9917016,6451409.065,1873083.281,15.5,6.4,2,9.195816,0,1,47,55,25.4508,0.844296,Follower
50,486,784,1118848805600,2.0735544,136.9112832,6451411.285,1873081.238,15.5,6.4,2,9.195816,0,1,47,55,25.213056,0.8351520000000001,Follower
50,487,784,1118848805700,2.0726400000000003,137.8308648,6451413.506,1873079.195,15.5,6.4,2,9.195816,0,1,47,55,24.981408,0.8290560000000001,Follower
50,488,784,1118848805800,2.0723352000000004,138.7507512,6451415.726,1873077.151,15.5,6.4,2,9.195816,0,1,47,55,24.755856,0.819912,Follower
50,489,784,1118848805900,2.0717256,139.670028,6451417.946,1873075.108,15.5,6.4,2,9.198864,0.030480000000000004,1,47,55,24.518112000000002,0.813816,Follower
50,490,784,1118848806000,2.071116,140.5899144,6451420.166,1873073.065,15.5,6.4,2,9.20496,0.06096000000000001,1,47,55,24.274272,0.804672,Follower
50,491,784,1118848806100,2.0705064,141.5119344,6451422.387,1873071.021,15.5,6.4,2,9.195816,-0.128016,1,47,55,24.021288000000002,0.795528,Follower
50,492,784,1118848806200,2.0708112,142.43456400000002,6451424.613,1873068.967,15.5,6.4,2,9.153144000000001,-0.6918960000000001,1,47,55,23.765256,0.7924800000000001,Follower
50,493,784,1118848806300,2.0705064,143.3510976,6451426.833,1873066.923,15.5,6.4,2,9.046464,-1.408176,1,47,55,23.512272000000003,0.7924800000000001,Follower
50,494,784,1118848806400,2.0631912000000003,144.251172,6451429.024,1873064.937,15.5,6.4,2,8.897112000000002,-1.7465040000000003,1,47,55,23.280624,0.7985760000000001,Follower
50,495,784,1118848806500,2.0464272,145.1302152,6451431.179,1873063.025,15.5,6.4,2,8.744712000000002,-1.399032,1,47,55,23.067264,0.804672,Follower
50,496,784,1118848806600,2.0232624,145.99310400000002,6451433.304,1873061.17,15.5,6.4,2,8.64108,-0.6827520000000001,1,47,55,22.87524,0.80772,Follower
50,497,784,1118848806700,1.9988784,146.8498968,6451435.424,1873059.325,15.5,6.4,2,8.598408000000001,-0.124968,1,47,55,22.689312,0.804672,Follower
50,498,784,1118848806800,1.9757136000000002,147.7072992,6451437.549,1873057.47,15.5,6.4,2,8.589264,0.06096000000000001,1,47,55,22.497288,0.7985760000000001,Follower
50,499,784,1118848806900,1.9525488,148.5668352,6451439.675,1873055.614,15.5,6.4,2,8.59536,0.030480000000000004,1,47,55,22.28088,0.789432,Follower
50,500,784,1118848807000,1.9293840000000002,149.42667600000001,6451441.801,1873053.759,15.5,6.4,2,8.598408000000001,0.039624000000000006,1,47,55,22.033992,0.7802880000000001,Follower
50,501,784,1118848807100,1.9062192,150.2868216,6451443.926,1873051.903,15.5,6.4,2,8.604504,0.039624000000000006,1,47,55,21.76272,0.7711439999999999,Follower
50,502,784,1118848807200,1.8830544,151.1497104,6451446.052,1873050.048,15.5,6.4,2,8.583168,-0.31699200000000005,1,47,55,21.482304000000003,0.762,Follower
50,503,784,1118848807300,1.8598896000000003,152.0116848,6451448.189,1873048.182,15.5,6.4,2,8.506968,-1.118616,1,47,55,21.21408,0.7589520000000001,Follower
50,504,784,1118848807400,1.8391632,152.8626864,6451450.299,1873046.329,15.5,6.4,2,8.357616,-1.969008,1,47,55,20.973288,0.765048,Follower
50,505,784,1118848807500,1.8254472000000002,153.69143760000003,6451452.324,1873044.524,15.5,6.4,2,8.147304,-2.3652480000000002,1,47,55,20.75688,0.7772399999999999,Follower
50,506,784,1118848807600,1.8141696,154.4927568,6451454.281,1873042.771,15.5,6.4,2,7.927848000000001,-2.0909280000000003,1,47,55,20.564856,0.789432,Follower
50,507,784,1118848807700,1.8092928000000001,155.2703016,6451456.17,1873041.052,15.5,6.4,2,7.760208,-1.362456,1,47,55,20.397216,0.801624,Follower
50,508,784,1118848807800,1.8236184,156.0344352,6451457.97,1873039.329,15.5,6.4,2,7.659624,-0.597408,1,47,55,20.241768,0.804672,Follower
50,509,784,1118848807900,1.8422112,156.793692,6451459.764,1873037.593,15.5,6.4,2,7.62,-0.094488,1,47,55,20.086320000000004,0.804672,Follower
50,510,784,1118848808000,1.8583656000000002,157.554168,6451461.566,1873035.86,15.5,6.4,2,7.613904000000001,0.039624000000000006,1,47,55,19.930872,0.7985760000000001,Follower
50,511,784,1118848808100,1.8748248,158.3158632,6451463.368,1873034.126,15.5,6.4,2,7.6169519999999995,0,1,47,55,19.796760000000003,0.7924800000000001,Follower
50,512,784,1118848808200,1.8912840000000002,159.079692,6451465.169,1873032.393,15.5,6.4,2,7.601712000000001,-0.252984,1,47,55,19.699224,0.789432,Follower
50,513,784,1118848808300,1.9074384000000002,159.8398632,6451466.971,1873030.66,15.5,6.4,2,7.565136000000001,-0.47244,1,47,55,19.641312,0.7924800000000001,Follower
50,514,784,1118848808400,1.9235928,160.5927192,6451468.773,1873028.927,15.5,6.4,2,7.540752,-0.23164800000000002,1,47,55,19.632168,0.7924800000000001,Follower
50,515,784,1118848808500,1.946148,161.34283200000002,6451470.575,1873027.194,15.5,6.4,2,7.537704000000001,0.216408,1,47,55,19.647408,0.795528,Follower
50,516,784,1118848808600,1.9738848,162.095688,6451472.376,1873025.461,15.5,6.4,2,7.565136000000001,0.46329600000000004,1,47,55,19.671792000000003,0.7924800000000001,Follower
50,517,784,1118848808700,2.0016216,162.85555440000002,6451474.178,1873023.727,15.5,6.4,2,7.598664,0.249936,1,47,55,19.693128,0.789432,Follower
50,518,784,1118848808800,2.0293584,163.61877360000003,6451475.98,1873021.994,15.5,6.4,2,7.613904000000001,0,1,47,55,19.705320000000004,0.789432,Follower
50,519,784,1118848808900,2.0570952,164.38016399999998,6451477.781,1873020.261,15.5,6.4,2,7.613904000000001,0,1,47,55,19.702272,0.789432,Follower
50,520,784,1118848809000,2.084832,165.1418592,6451479.583,1873018.528,15.5,6.4,2,7.613904000000001,0,1,47,55,19.693128,0.789432,Follower
50,521,784,1118848809100,2.112264,165.9032496,6451481.385,1873016.795,15.5,6.4,2,7.613904000000001,0,1,47,55,19.69008,0.789432,Follower
50,522,784,1118848809200,2.1400008,166.66464,6451483.186,1873015.062,15.5,6.4,2,7.613904000000001,0,1,47,55,19.699224,0.789432,Follower
50,523,784,1118848809300,2.1680424,167.4263352,6451484.988,1873013.328,15.5,6.4,2,7.613904000000001,0,1,47,55,19.723608,0.789432,Follower
50,524,784,1118848809400,2.1954744,168.1883352,6451486.79,1873011.595,15.5,6.4,2,7.610856,-0.0762,1,47,55,19.763232000000002,0.7924800000000001,Follower
50,525,784,1118848809500,2.2232112,168.9485064,6451488.591,1873009.862,15.5,6.4,2,7.60476,-0.033528,1,47,55,19.830288000000003,0.795528,Follower
50,526,784,1118848809600,2.250948,169.7047152,6451490.393,1873008.129,15.5,6.4,2,7.644384,0.603504,1,47,55,19.933920000000004,0.795528,Follower
50,527,784,1118848809700,2.27838,170.463972,6451492.174,1873006.416,15.5,6.4,2,7.775448000000001,1.895856,1,47,55,20.058888000000003,0.7863840000000001,Follower
50,528,784,1118848809800,2.2945344,171.24151680000003,6451494.032,1873004.683,15.5,6.4,2,8.028432,3.279648,1,47,55,20.183856000000002,0.765048,Follower
50,529,784,1118848809900,2.3173944,172.0614288,6451495.975,1873002.844,15.5,6.4,2,8.375904,3.41376,1,47,55,20.266151999999998,0.737616,Follower
50,530,784,1118848810000,2.3551896,172.91669760000002,6451497.996,1873000.87,15.5,6.4,2,8.723376,3.279648,1,47,55,20.308824,0.710184,Follower
50,531,784,1118848810100,2.4003,173.8146384,6451500.101,1872998.79,15.5,6.4,2,8.979408000000001,1.8989040000000001,1,47,55,20.311872,0.688848,Follower
50,532,784,1118848810200,2.433828,174.7308672,6451502.284,1872996.69,15.5,6.4,2,9.110472000000001,0.603504,1,47,55,20.293584,0.679704,Follower
50,533,784,1118848810300,2.4670511999999998,175.6498392,6451504.446,1872994.61,15.5,6.4,2,9.147048000000002,-0.054864,1,47,55,20.272248,0.6766560000000001,Follower
50,534,784,1118848810400,2.5002744,176.5648488,6451506.608,1872992.53,15.5,6.4,2,9.137904,-0.112776,1,47,55,20.257008,0.6766560000000001,Follower
50,535,784,1118848810500,2.5334976,177.4768104,6451508.77,1872990.45,15.5,6.4,2,9.137904,0.070104,1,47,55,20.244816,0.6766560000000001,Follower
50,536,784,1118848810600,2.5664160000000003,178.3890768,6451510.928,1872988.376,15.5,6.4,2,9.162288,0.377952,1,47,55,20.232624,0.673608,Follower
50,537,784,1118848810700,2.5996392,179.30408640000002,6451513.09,1872986.296,15.5,6.4,2,9.223248000000002,0.819912,1,47,55,20.214336,0.667512,Follower
50,538,784,1118848810800,2.6343864000000004,180.2291544,6451515.273,1872984.191,15.5,6.4,2,9.308592,0.999744,1,47,55,20.189951999999998,0.661416,Follower
50,539,784,1118848810900,2.6712672,181.16854800000002,6451517.483,1872982.052,15.5,6.4,2,9.3726,0.454152,1,47,55,20.150328000000002,0.65532,Follower
50,540,784,1118848811000,2.7166824000000003,182.1146472,6451519.713,1872979.858,15.5,6.4,2,9.366504,-0.5455920000000001,1,47,55,20.101560000000003,0.65532,Follower
50,541,784,1118848811100,2.7480768,183.0525168,6451521.95,1872977.719,15.5,6.4,2,9.2964,-1.09728,1,47,55,20.058888000000003,0.6583680000000001,Follower
50,542,784,1118848811200,2.7489912000000003,183.9736224,6451524.189,1872975.712,15.5,6.4,2,9.223248000000002,-0.5669280000000001,1,47,55,20.031456000000002,0.661416,Follower
50,543,784,1118848811300,2.738628,184.8864984,6451526.431,1872973.753,15.5,6.4,2,9.217152,0.48158400000000007,1,47,55,20.013168,0.661416,Follower
50,544,784,1118848811400,2.7425904,185.8079088,6451528.668,1872971.735,15.5,6.4,2,9.268968000000001,0.813816,1,47,55,19.985736,0.6583680000000001,Follower
50,545,784,1118848811500,2.7739848000000005,186.74242560000002,6451530.9,1872969.6,15.5,6.4,2,9.31164,0.16459200000000002,1,47,55,19.936968,0.6522720000000001,Follower
50,546,784,1118848811600,2.8035504,187.67999040000004,6451533.141,1872967.466,15.5,6.4,2,9.293352,-0.6309359999999999,1,47,55,19.869912,0.6522720000000001,Follower
50,547,784,1118848811700,2.8053792000000004,188.60780160000002,6451535.397,1872965.441,15.5,6.4,2,9.229344000000001,-0.7985760000000001,1,47,55,19.802856000000002,0.65532,Follower
50,548,784,1118848811800,2.7910536,189.5243352,6451537.664,1872963.476,15.5,6.4,2,9.171432000000001,-0.41757600000000006,1,47,55,19.741896,0.65532,Follower
50,549,784,1118848811900,2.77368,190.4369064,6451539.933,1872961.523,15.5,6.4,2,9.144,-0.067056,1,47,55,19.683984,0.65532,Follower
50,550,784,1118848812000,2.7596592,191.35008720000002,6451542.2,1872959.558,15.5,6.4,2,9.140952,0.027432,1,47,55,19.626072,0.65532,Follower
50,551,784,1118848812100,2.7453336,192.2641824,6451544.467,1872957.593,15.5,6.4,2,9.140952,0.012192000000000001,1,47,55,19.568160000000002,0.6522720000000001,Follower
50,552,784,1118848812200,2.7313128000000004,193.1785824,6451546.734,1872955.628,15.5,6.4,2,9.140952,0,1,47,55,19.510248000000004,0.649224,Follower
50,553,784,1118848812300,2.717292,194.09267760000003,6451549,1872953.663,15.5,6.4,2,9.144,0,1,47,55,19.452336000000003,0.649224,Follower
50,554,784,1118848812400,2.7029664,195.00707760000003,6451551.267,1872951.698,15.5,6.4,2,9.144,0,1,47,55,19.394424,0.6461760000000001,Follower
50,555,784,1118848812500,2.6889456,195.92147760000003,6451553.534,1872949.733,15.5,6.4,2,9.144,0,1,47,55,19.336512,0.643128,Follower
50,556,784,1118848812600,2.6746200000000004,196.8355728,6451555.801,1872947.768,15.5,6.4,2,9.144,0,1,47,55,19.281648,0.643128,Follower
50,557,784,1118848812700,2.6605992,197.7499728,6451558.068,1872945.803,15.5,6.4,2,9.144,0,1,47,55,19.223736000000002,0.6400800000000001,Follower
50,558,784,1118848812800,2.6462736000000002,198.6643728,6451560.335,1872943.838,15.5,6.4,2,9.144,0,1,47,55,19.165824,0.6400800000000001,Follower
50,559,784,1118848812900,2.6322528,199.5787728,6451562.602,1872941.873,15.5,6.4,2,9.144,-0.006096000000000001,1,47,55,19.107912,0.637032,Follower
50,560,784,1118848813000,2.6179272000000005,200.492868,6451564.869,1872939.908,15.5,6.4,2,9.140952,0,1,47,55,19.05,0.6339840000000001,Follower
50,561,784,1118848813100,2.6039064,201.4084872,6451567.135,1872937.943,15.5,6.4,2,9.12876,-0.19812000000000002,1,47,55,18.98904,0.6339840000000001,Follower
50,562,784,1118848813200,2.5898856,202.3213632,6451569.402,1872935.978,15.5,6.4,2,9.101328,-0.377952,1,47,55,18.934176,0.6339840000000001,Follower
50,563,784,1118848813300,2.57556,203.22844800000001,6451571.669,1872934.013,15.5,6.4,2,9.079992,-0.18288000000000001,1,47,55,18.885408,0.6339840000000001,Follower
50,564,784,1118848813400,2.5670256000000005,204.13370400000002,6451573.936,1872932.048,15.5,6.4,2,9.079992,0.185928,1,47,55,18.83664,0.6309359999999999,Follower
50,565,784,1118848813500,2.5612344000000005,205.0407888,6451576.203,1872930.083,15.5,6.4,2,9.101328,0.38709600000000005,1,47,55,18.77568,0.627888,Follower
50,566,784,1118848813600,2.5554432,205.9536648,6451578.47,1872928.118,15.5,6.4,2,9.131808000000001,0.20726400000000003,1,47,55,18.705576,0.62484,Follower
50,567,784,1118848813700,2.549652,206.8695888,6451580.737,1872926.153,15.5,6.4,2,9.144,0,1,47,55,18.63852,0.621792,Follower
50,568,784,1118848813800,2.5441656,207.7839888,6451583.003,1872924.188,15.5,6.4,2,9.144,0,1,47,55,18.598896000000003,0.618744,Follower
50,569,784,1118848813900,2.5383744,208.6983888,6451585.27,1872922.223,15.5,6.4,2,9.144,0,1,47,55,18.586704,0.618744,Follower
50,570,784,1118848814000,2.5325832,209.6127888,6451587.537,1872920.258,15.5,6.4,2,9.144,0,1,47,55,18.586704,0.618744,Follower
50,571,784,1118848814100,2.526792,210.5271888,6451589.804,1872918.293,15.5,6.4,2,9.144,0,1,47,55,18.5928,0.618744,Follower
50,572,784,1118848814200,2.5210008000000004,211.4415888,6451592.071,1872916.328,15.5,6.4,2,9.144,0,1,47,55,18.5928,0.618744,Follower
50,573,784,1118848814300,2.5152096000000004,212.3559888,6451594.338,1872914.363,15.5,6.4,2,9.144,0,1,47,55,18.5928,0.618744,Follower
50,574,784,1118848814400,2.5094184000000004,213.2703888,6451596.605,1872912.398,15.5,6.4,2,9.144,0,1,47,55,18.5928,0.618744,Follower
50,575,784,1118848814500,2.5036272000000004,214.1847888,6451598.872,1872910.433,15.5,6.4,2,9.144,0,1,47,55,18.5928,0.618744,Follower
50,576,784,1118848814600,2.4981408,215.09888400000003,6451601.138,1872908.468,15.5,6.4,2,9.144,0,1,47,55,18.5928,0.618744,Follower
50,577,784,1118848814700,2.4923496,216.01328400000003,6451603.405,1872906.503,15.5,6.4,2,9.144,0,1,47,55,18.5928,0.618744,Follower
50,578,784,1118848814800,2.4865584,216.92768400000003,6451605.672,1872904.538,15.5,6.4,2,9.144,0,1,47,55,18.5928,0.618744,Follower
50,579,784,1118848814900,2.4807672,217.84208400000003,6451607.939,1872902.573,15.5,6.4,2,9.144,0,1,47,55,18.5928,0.618744,Follower
50,580,784,1118848815000,2.474976,218.75648400000003,6451610.206,1872900.608,15.5,6.4,2,9.144,0,1,47,55,18.5928,0.618744,Follower
50,581,784,1118848815100,2.4691848000000003,219.67088400000003,6451612.473,1872898.643,15.5,6.4,2,9.144,0,1,47,55,18.5928,0.618744,Follower
50,582,784,1118848815200,2.4633936000000003,220.58528400000003,6451614.74,1872896.678,15.5,6.4,2,9.144,0,1,47,55,18.5928,0.618744,Follower
50,583,784,1118848815300,2.4576024000000003,221.49968400000003,6451617.007,1872894.713,15.5,6.4,2,9.144,0,1,47,55,18.5928,0.618744,Follower
50,584,784,1118848815400,2.4518112000000003,222.41408400000003,6451619.273,1872892.748,15.5,6.4,2,9.144,0,1,47,55,18.5928,0.618744,Follower
50,585,784,1118848815500,2.4460200000000003,223.32848400000003,6451621.54,1872890.783,15.5,6.4,2,9.144,0,1,47,55,18.5928,0.618744,Follower
50,586,784,1118848815600,2.4402288000000003,224.24288400000003,6451623.807,1872888.818,15.5,6.4,2,9.144,0,1,47,55,18.5928,0.618744,Follower
50,587,784,1118848815700,2.4344376000000003,225.15728400000003,6451626.074,1872886.853,15.5,6.4,2,9.144,0,1,47,55,18.5928,0.618744,Follower
50,588,784,1118848815800,2.4289512,226.07168400000003,6451628.341,1872884.887,15.5,6.4,2,9.144,0,1,47,55,18.586704,0.618744,Follower
50,589,784,1118848815900,2.42316,226.98608400000003,6451630.608,1872882.922,15.5,6.4,2,9.144,0,1,47,55,18.583656,0.618744,Follower
50,590,784,1118848816000,2.4173688,227.90048400000003,6451632.875,1872880.957,15.5,6.4,2,9.144,0,1,47,55,18.601944,0.618744,Follower
50,591,784,1118848816100,2.4115776,228.8154936,6451635.142,1872878.992,15.5,6.4,2,9.137904,-0.0762,1,47,55,18.659856,0.621792,Follower
50,592,784,1118848816200,2.4060912,229.7283696,6451637.408,1872877.027,15.5,6.4,2,9.134856000000001,-0.021336000000000004,1,47,55,18.754344,0.62484,Follower
50,593,784,1118848816300,2.4003,230.63789280000003,6451639.675,1872875.062,15.5,6.4,2,9.17448,0.627888,1,47,55,18.891504,0.627888,Follower
50,594,784,1118848816400,2.3945088,231.55107360000002,6451641.92,1872873.116,15.5,6.4,2,9.299448000000002,1.7861280000000002,1,47,55,19.053048,0.62484,Follower
50,595,784,1118848816500,2.375916,232.48315200000002,6451644.249,1872871.152,15.5,6.4,2,9.518904000000001,2.746248,1,47,55,19.21764,0.615696,Follower
50,596,784,1118848816600,2.3707344,233.44845360000002,6451646.648,1872869.069,15.5,6.4,2,9.777984,2.691384,1,47,55,19.37004,0.603504,Follower
50,597,784,1118848816700,2.3762208,234.44545440000002,6451649.098,1872866.894,15.5,6.4,2,9.99744,1.7861280000000002,1,47,55,19.5072,0.59436,Follower
50,598,784,1118848816800,2.3698200000000003,235.4586096,6451651.629,1872864.7,15.5,6.4,2,10.152888,1.1369040000000001,1,47,55,19.635216,0.588264,Follower
50,599,784,1118848816900,2.3634192,236.47938480000002,6451654.146,1872862.518,15.5,6.4,2,10.280904,1.2679680000000002,1,47,55,19.75104,0.585216,Follower
50,600,784,1118848817000,2.3518368,237.51174240000003,6451656.701,1872860.325,15.5,6.4,2,10.421111999999999,1.588008,1,47,55,19.851624,0.57912,Follower
50,601,784,1118848817100,2.3500080000000003,238.56299760000002,6451659.299,1872858.052,15.5,6.4,2,10.552176,1.2923520000000002,1,47,55,19.933920000000004,0.576072,Follower
50,602,784,1118848817200,2.3433024000000002,239.62979760000002,6451661.966,1872855.74,15.5,6.4,2,10.643616000000002,0.5181600000000001,1,47,55,20.000976,0.573024,Follower
50,603,784,1118848817300,2.3365968,240.7008648,6451664.611,1872853.447,15.5,6.4,2,10.677144,-0.021336000000000004,1,47,55,20.046696,0.573024,Follower
50,604,784,1118848817400,2.3298912,241.76918880000002,6451667.256,1872851.155,15.5,6.4,2,10.674096000000002,-0.07924800000000001,1,47,55,20.07108,0.573024,Follower
50,605,784,1118848817500,2.3231856,242.8353792,6451669.9,1872848.862,15.5,6.4,2,10.668000000000001,0,1,47,55,20.074128,0.573024,Follower
50,606,784,1118848817600,2.31648,243.9021792,6451672.545,1872846.57,15.5,6.4,2,10.668000000000001,0,1,47,55,20.07108,0.573024,Follower
50,607,784,1118848817700,2.3097744000000002,244.9689792,6451675.19,1872844.277,15.5,6.4,2,10.668000000000001,0,1,47,55,20.068032000000002,0.573024,Follower
50,608,784,1118848817800,2.3030688,246.0357792,6451677.834,1872841.985,15.5,6.4,2,10.664952000000001,-0.033528,1,47,55,20.068032000000002,0.573024,Follower
50,609,784,1118848817900,2.2963632,247.1016648,6451680.479,1872839.692,15.5,6.4,2,10.664952000000001,0.030480000000000004,1,47,55,20.07108,0.573024,Follower
50,610,784,1118848818000,2.2893528,248.16541680000003,6451683.124,1872837.4,15.5,6.4,2,10.698480000000002,0.499872,1,47,55,20.07108,0.573024,Follower
50,611,784,1118848818100,2.2838664000000004,249.23221680000003,6451685.749,1872835.117,15.5,6.4,2,10.799064000000001,1.408176,1,47,55,20.064984,0.5669280000000001,Follower
50,612,784,1118848818200,2.266188,250.31273280000002,6451688.443,1872832.825,15.5,6.4,2,10.981944,2.328672,1,47,55,20.052792000000004,0.5577840000000001,Follower
50,613,784,1118848818300,2.2436328,251.41976640000001,6451691.219,1872830.481,15.5,6.4,2,11.222736000000001,2.65176,1,47,55,20.034504000000002,0.5455920000000001,Follower
50,614,784,1118848818400,2.2244304,252.558804,6451694.067,1872828.059,15.5,6.4,2,11.451336000000001,2.093976,1,47,55,20.010120000000004,0.5334,Follower
50,615,784,1118848818500,2.1973032,253.72100640000002,6451696.996,1872825.601,15.5,6.4,2,11.609832,1.075944,1,47,55,19.970496,0.52425600000000006,Follower
50,616,784,1118848818600,2.150364,254.89204800000002,6451699.995,1872823.169,15.5,6.4,2,11.68908,0.377952,1,47,55,19.909536,0.5181600000000001,Follower
50,617,784,1118848818700,2.1019008,256.0649184,6451702.975,1872820.759,15.5,6.4,2,11.722608000000001,0.179832,1,47,55,19.818096,0.515112,Follower
50,618,784,1118848818800,2.0564856000000002,257.24022720000005,6451705.954,1872818.337,15.5,6.4,2,11.716512,-0.16154400000000002,1,47,55,19.708368,0.512064,Follower
50,619,784,1118848818900,2.0183856000000002,258.41706000000005,6451708.951,1872815.867,15.5,6.4,2,11.643360000000001,-1.130808,1,47,55,19.592544,0.512064,Follower
50,620,784,1118848819000,1.9927824000000003,259.5835296,6451711.89,1872813.393,15.5,6.4,2,11.47572,-2.31648,1,47,55,19.491960000000002,0.5181600000000001,Follower
50,621,784,1118848819100,1.9668744000000002,260.7237864,6451714.75,1872810.991,15.5,6.4,2,11.225784,-2.8620720000000004,1,47,55,19.418808000000002,0.527304,Follower
50,622,784,1118848819200,1.9348704,261.829296,6451717.545,1872808.672,15.5,6.4,2,10.969752000000002,-2.414016,1,47,55,19.379184000000002,0.5394960000000001,Follower
50,623,784,1118848819300,1.9037808000000003,262.9076784,6451720.262,1872806.417,15.5,6.4,2,10.780776,-1.3929360000000002,1,47,55,19.37004,0.54864,Follower
50,624,784,1118848819400,1.8824448000000003,263.97234480000003,6451722.92,1872804.173,15.5,6.4,2,10.686288000000001,-0.44196,1,47,55,19.376136000000002,0.5516880000000001,Follower
50,625,784,1118848819500,1.8595848000000001,265.035792,6451725.596,1872801.918,15.5,6.4,2,10.65276,-0.067056,1,47,55,19.373088000000003,0.554736,Follower
50,626,784,1118848819600,1.8373344,266.099544,6451728.272,1872799.662,15.5,6.4,2,10.65276,0.05181600000000001,1,47,55,19.357848,0.554736,Follower
50,627,784,1118848819700,1.8147792,267.1614672,6451730.949,1872797.406,15.5,6.4,2,10.698480000000002,0.67056,1,47,55,19.351752,0.5516880000000001,Follower
50,628,784,1118848819800,1.7766792,268.2282672,6451733.63,1872795.213,15.5,6.4,2,10.817352000000001,1.667256,1,47,55,19.391376,0.5455920000000001,Follower
50,629,784,1118848819900,1.7842992000000002,269.3157936,6451736.292,1872792.839,15.5,6.4,2,10.984992,1.9812,1,47,55,19.452336000000003,0.5394960000000001,Follower
50,630,784,1118848820000,1.8242280000000002,270.4313616,6451738.954,1872790.323,15.5,6.4,2,11.109960000000001,0.7924800000000001,1,47,55,19.528536,0.536448,Follower
50,631,784,1118848820100,1.8760440000000003,271.5591216,6451741.645,1872787.729,15.5,6.4,2,11.088624000000001,-1.194816,1,47,55,19.644360000000002,0.5394960000000001,Follower
50,632,784,1118848820200,1.8976848000000002,272.6685936,6451744.342,1872785.262,15.5,6.4,2,10.94232,-2.093976,1,47,55,19.793712,0.5516880000000001,Follower
50,633,784,1118848820300,1.8839688,273.7457568,6451747.023,1872782.963,15.5,6.4,2,10.814304,-0.9113520000000002,1,47,55,19.967448,0.56388,Follower
50,634,784,1118848820400,1.8659856000000001,274.8073752,6451749.637,1872780.742,15.5,6.4,2,10.841736000000001,1.4538959999999999,1,47,55,20.156424,0.5669280000000001,Follower
50,635,784,1118848820500,1.8632424000000003,275.885148,6451752.308,1872778.405,15.5,6.4,2,11.070336000000001,3.3710880000000003,1,47,55,20.330160000000003,0.560832,Follower
50,636,784,1118848820600,1.8589752000000002,277.0104696,6451755.078,1872775.987,15.5,6.4,2,11.423904,3.41376,1,47,55,20.458176,0.5455920000000001,Follower
50,637,784,1118848820700,1.868424,278.17084320000004,6451757.928,1872773.438,15.5,6.4,2,11.777472000000001,3.255264,1,47,55,20.540472,0.530352,Follower
50,638,784,1118848820800,1.8839688,279.3732792,6451760.863,1872770.788,15.5,6.4,2,12.030456000000001,1.914144,1,47,55,20.555712,0.521208,Follower
50,639,784,1118848820900,1.8870168,280.5946128,6451763.882,1872768.119,15.5,6.4,2,12.16152,0.62484,1,47,55,20.522184,0.515112,Follower
50,640,784,1118848821000,1.8900648,281.8189944,6451766.879,1872765.47,15.5,6.4,2,12.201144000000001,-0.027432,1,47,55,20.458176,0.512064,Follower
50,641,784,1118848821100,1.892808,283.0397184,6451769.876,1872762.821,15.5,6.4,2,12.198096000000001,-0.07924800000000001,1,47,55,20.391120000000004,0.509016,Follower
50,642,784,1118848821200,1.895856,284.25891839999997,6451772.873,1872760.172,15.5,6.4,2,12.185903999999999,-0.09753600000000001,1,47,55,20.324064000000003,0.509016,Follower
50,643,784,1118848821300,1.8985992,285.4775088,6451775.87,1872757.523,15.5,6.4,2,12.170664,-0.18288000000000001,1,47,55,20.260056000000002,0.505968,Follower
50,644,784,1118848821400,1.901952,286.69335600000005,6451778.867,1872754.873,15.5,6.4,2,12.16152,-0.088392,1,47,55,20.199096,0.505968,Follower
50,645,784,1118848821500,1.9074384000000002,287.907984,6451781.864,1872752.224,15.5,6.4,2,12.16152,0.088392,1,47,55,20.135088000000003,0.505968,Follower
50,646,784,1118848821600,1.9174968000000001,289.1238312,6451784.861,1872749.575,15.5,6.4,2,12.170664,0.18288000000000001,1,47,55,20.074128,0.50292,Follower
50,647,784,1118848821700,1.9275552,290.3424216,6451787.858,1872746.926,15.5,6.4,2,12.185903999999999,0.09753600000000001,1,47,55,20.013168,0.499872,Follower
50,648,784,1118848821800,1.9376136000000002,291.5622312,6451790.855,1872744.277,15.5,6.4,2,12.192,0,1,47,55,19.967448,0.499872,Follower
50,649,784,1118848821900,1.9479768000000002,292.7808216,6451793.852,1872741.627,15.5,6.4,2,12.195048,0.064008,1,47,55,19.943064000000003,0.499872,Follower
50,650,784,1118848822000,1.9580352000000003,294.000936,6451796.849,1872738.978,15.5,6.4,2,12.201144000000001,0.045720000000000004,1,47,55,19.936968,0.496824,Follower
50,651,784,1118848822100,1.9680936,295.224708,6451799.846,1872736.329,15.5,6.4,2,12.170664,-0.499872,1,47,55,19.921728,0.499872,Follower
50,652,784,1118848822200,1.9802856,296.4460416,6451802.858,1872733.658,15.5,6.4,2,12.060936,-1.566672,1,47,55,19.879056000000002,0.50292,Follower
50,653,784,1118848822300,1.9930872,297.650916,6451805.826,1872731.022,15.5,6.4,2,11.865864,-2.5085040000000003,1,47,55,19.812,0.509016,Follower
50,654,784,1118848822400,1.9985736000000003,298.8262248,6451808.716,1872728.486,15.5,6.4,2,11.618976,-2.6090880000000003,1,47,55,19.729704,0.5181600000000001,Follower
50,655,784,1118848822500,2.0000976,299.9698344,6451811.541,1872726.024,15.5,6.4,2,11.405616000000002,-1.780032,1,47,55,19.656551999999998,0.52425600000000006,Follower
50,656,784,1118848822600,2.01168,301.09424160000003,6451814.296,1872723.579,15.5,6.4,2,11.280648,-0.719328,1,47,55,19.610832000000002,0.530352,Follower
50,657,784,1118848822700,2.0485608,302.213772,6451816.981,1872721.084,15.5,6.4,2,11.234928,-0.048768000000000006,1,47,55,19.592544,0.530352,Follower
50,658,784,1118848822800,2.0918424000000004,303.335436,6451819.677,1872718.552,15.5,6.4,2,11.234928,0.128016,1,47,55,19.574256000000002,0.530352,Follower
50,659,784,1118848822900,2.1311616,304.460148,6451822.377,1872716.035,15.5,6.4,2,11.244072000000001,0.033528,1,47,55,19.534632000000002,0.530352,Follower
50,660,784,1118848823000,2.1704808000000004,305.5857744,6451825.076,1872713.517,15.5,6.4,2,11.241024000000001,-0.0762,1,47,55,19.47672,0.527304,Follower
50,661,784,1118848823100,2.2098,306.7089624,6451827.776,1872711,15.5,6.4,2,11.237976,0,1,47,55,19.418808000000002,0.527304,Follower
50,662,784,1118848823200,2.2482048000000003,307.8294072,6451830.477,1872708.484,15.5,6.4,2,11.268456,0.499872,1,47,55,19.360896,0.52425600000000006,Follower
50,663,784,1118848823300,2.2902672,308.9529,6451833.154,1872705.974,15.5,6.4,2,11.36904,1.4295120000000001,1,47,55,19.306032000000002,0.5181600000000001,Follower
50,664,784,1118848823400,2.3237952,310.09102320000005,6451835.896,1872703.446,15.5,6.4,2,11.55192,2.319528,1,47,55,19.235928,0.509016,Follower
50,665,784,1118848823500,2.3500080000000003,311.2550544,6451838.726,1872700.871,15.5,6.4,2,11.795760000000001,2.688336,1,47,55,19.138392,0.49377600000000005,Follower
50,666,784,1118848823600,2.3737824,312.45047999999997,6451841.633,1872698.241,15.5,6.4,2,12.042648,2.31648,1,47,55,19.010376,0.48158400000000007,Follower
50,667,784,1118848823700,2.3899368,313.6718136,6451844.621,1872695.574,15.5,6.4,2,12.222480000000001,1.420368,1,47,55,18.854928,0.46939200000000003,Follower
50,668,784,1118848823800,2.389632,314.90747280000005,6451847.693,1872692.902,15.5,6.4,2,12.323064,0.499872,1,47,55,18.68424,0.46329600000000004,Follower
50,669,784,1118848823900,2.3914608,316.14618,6451850.743,1872690.237,15.5,6.4,2,12.353544000000001,-0.027432,1,47,55,18.513552,0.45720000000000005,Follower
50,670,784,1118848824000,2.3935944,317.3818392,6451853.792,1872687.572,15.5,6.4,2,12.353544000000001,-0.030480000000000004,1,47,55,18.345912000000002,0.451104,Follower
50,671,784,1118848824100,2.3954232,318.6162792,6451856.842,1872684.907,15.5,6.4,2,12.350496000000001,0.05181600000000001,1,47,55,18.175224,0.448056,Follower
50,672,784,1118848824200,2.3972520000000004,319.85407200000003,6451859.892,1872682.242,15.5,6.4,2,12.335256000000001,-0.307848,1,47,55,18.007584,0.445008,Follower
50,673,784,1118848824300,2.3990808,321.09095040000005,6451862.955,1872679.565,15.5,6.4,2,12.259056000000001,-1.1155680000000001,1,47,55,17.842992000000002,0.445008,Follower
50,674,784,1118848824400,2.404872,322.3174656,6451865.986,1872676.9,15.5,6.4,2,12.103608000000001,-2.02692,1,47,55,17.684496000000003,0.445008,Follower
50,675,784,1118848824500,2.4106632,323.520816,6451868.947,1872674.295,15.5,6.4,2,11.8872,-2.4475439999999997,1,47,55,17.529048,0.448056,Follower
50,676,784,1118848824600,2.4085296,324.69490559999997,6451871.859,1872671.768,15.5,6.4,2,11.670792,-2.02692,1,47,60,17.370552,0.454152,Follower
50,677,784,1118848824700,2.4060912,325.8458304,6451874.702,1872669.301,15.5,6.4,2,11.515344,-1.1155680000000001,1,47,60,17.202912,0.454152,Follower
50,678,784,1118848824800,2.4082248,326.986392,6451877.512,1872666.845,15.5,6.4,2,11.439144,-0.307848,1,47,60,17.032224000000003,0.454152,Follower
50,679,784,1118848824900,2.4100536000000004,328.12603920000004,6451880.336,1872664.377,15.5,6.4,2,11.423904,0.05181600000000001,1,47,60,16.852392000000002,0.451104,Follower
50,680,784,1118848825000,2.4115776,329.2681248,6451883.16,1872661.91,15.5,6.4,2,11.43,0.094488,1,47,60,16.657320000000002,0.445008,Follower
50,681,784,1118848825100,2.4134064,330.41203920000004,6451885.984,1872659.442,15.5,6.4,2,11.436096000000001,0.021336000000000004,1,47,60,16.44396,0.438912,Follower
50,682,784,1118848825200,2.4152352,331.5580872,6451888.807,1872656.975,15.5,6.4,2,11.414760000000001,-0.344424,1,47,60,16.212312,0.432816,Follower
50,683,784,1118848825300,2.4149304000000003,332.7023064,6451891.649,1872654.5,15.5,6.4,2,11.341608,-1.0485120000000001,1,47,60,15.980664,0.429768,Follower
50,684,784,1118848825400,2.424684,333.83677200000005,6451894.436,1872652.03,15.5,6.4,2,11.201400000000001,-1.831848,1,47,60,15.758160000000002,0.429768,Follower
50,685,784,1118848825500,2.4377904000000004,334.9499016,6451897.161,1872649.599,15.5,6.4,2,11.006328,-2.145792,1,47,55,15.56004,0.429768,Follower
50,686,784,1118848825600,2.4454104,336.0362088,6451899.842,1872647.23,15.5,6.4,2,10.829544,-1.578864,1,47,55,15.386303999999999,0.432816,Follower
50,687,784,1118848825700,2.4572976,337.10605680000003,6451902.441,1872644.915,15.5,6.4,2,10.71372,-0.737616,1,47,55,15.230856000000001,0.432816,Follower
50,688,784,1118848825800,2.4609552,338.1722472,6451905.058,1872642.619,15.5,6.4,2,10.634472,-0.5669280000000001,1,47,55,15.081504,0.432816,Follower
50,689,784,1118848825900,2.4606504000000005,339.23599920000004,6451907.723,1872640.299,15.5,6.4,2,10.543032000000002,-1.155192,1,47,55,14.932152000000002,0.432816,Follower
50,690,784,1118848826000,2.4670511999999998,340.287864,6451910.313,1872638.014,15.5,6.4,2,10.421111999999999,-1.5605760000000002,1,47,55,14.791944,0.432816,Follower
50,691,784,1118848826100,2.4640032,341.3208312,6451912.858,1872635.811,15.5,6.4,2,10.283952000000001,-1.2832080000000001,1,47,55,14.676120000000001,0.43586400000000003,Follower
50,692,784,1118848826200,2.4652224,342.3413016,6451915.367,1872633.619,15.5,6.4,2,10.152888,-1.1338560000000002,1,47,55,14.56944,0.43586400000000003,Follower
50,693,784,1118848826300,2.4667464,343.3547616,6451917.889,1872631.416,15.5,6.4,2,9.99744,-1.78308,1,47,55,14.468856,0.44196,Follower
50,694,784,1118848826400,2.4798527999999997,344.3517624,6451920.331,1872629.231,15.5,6.4,2,9.777984,-2.691384,1,47,55,14.386560000000001,0.448056,Follower
50,695,784,1118848826500,2.4822912,345.317064,6451922.722,1872627.138,15.5,6.4,2,9.518904000000001,-2.752344,1,47,55,14.334744,0.46024800000000005,Follower
50,696,784,1118848826600,2.4713184000000004,346.24914240000004,6451925.042,1872625.165,15.5,6.4,2,9.299448000000002,-1.792224,1,47,55,14.319504,0.46939200000000003,Follower
50,697,784,1118848826700,2.4728423999999998,347.1623232,6451927.279,1872623.21,15.5,6.4,2,9.17448,-0.62484,1,47,55,14.319504,0.475488,Follower
50,698,784,1118848826800,2.4740616,348.0718464,6451929.538,1872621.236,15.5,6.4,2,9.134856000000001,0.024384000000000003,1,47,55,14.325600000000001,0.478536,Follower
50,699,784,1118848826900,2.4755856,348.9847224,6451931.797,1872619.262,15.5,6.4,2,9.137904,0.0762,1,47,55,14.325600000000001,0.478536,Follower
50,700,784,1118848827000,2.4768048,349.899732,6451934.056,1872617.288,15.5,6.4,2,9.144,0,1,47,55,14.328648,0.478536,Follower
50,701,784,1118848827100,2.4783288000000003,350.814132,6451936.315,1872615.314,15.5,6.4,2,9.144,0,1,47,55,14.331696,0.478536,Follower
50,702,784,1118848827200,2.4798527999999997,351.728532,6451938.574,1872613.34,15.5,6.4,2,9.144,0,1,47,55,14.331696,0.478536,Follower
50,703,784,1118848827300,2.481072,352.642932,6451940.833,1872611.366,15.5,6.4,2,9.144,0,1,47,55,14.334744,0.478536,Follower
50,704,784,1118848827400,2.482596,353.5570272,6451943.092,1872609.392,15.5,6.4,2,9.144,0,1,47,55,14.331696,0.478536,Follower
50,705,784,1118848827500,2.4838152,354.4714272,6451945.351,1872607.418,15.5,6.4,2,9.144,0.009144,1,47,55,14.328648,0.478536,Follower
50,706,784,1118848827600,2.4853392000000003,355.3858272,6451947.61,1872605.444,15.5,6.4,2,9.144,0,1,47,55,14.328648,0.478536,Follower
50,707,784,1118848827700,2.4865584,356.300532,6451949.87,1872603.47,15.5,6.4,2,9.144,0,1,47,55,14.343888000000002,0.478536,Follower
50,708,784,1118848827800,2.4880824,357.214932,6451952.129,1872601.496,15.5,6.4,2,9.144,0,1,47,55,14.377416000000002,0.478536,Follower
50,709,784,1118848827900,2.4893016,358.129332,6451954.388,1872599.522,15.5,6.4,2,9.144,0,1,47,55,14.423136000000001,0.48158400000000007,Follower
50,710,784,1118848828000,2.4908256000000004,359.043732,6451956.647,1872597.548,15.5,6.4,2,9.144,0,1,47,55,14.481048,0.48158400000000007,Follower
50,711,784,1118848828100,2.4920448000000004,359.958132,6451958.906,1872595.574,15.5,6.4,2,9.144,0,1,47,55,14.551152000000002,0.48463200000000006,Follower
50,712,784,1118848828200,2.4935688,360.872532,6451961.165,1872593.6,15.5,6.4,2,9.144,0,1,47,55,14.636496000000001,0.48768000000000006,Follower
50,713,784,1118848828300,2.4950928,361.786932,6451963.424,1872591.626,15.5,6.4,2,9.144,0,1,47,55,14.718792,0.49072800000000005,Follower
50,714,784,1118848828400,2.496312,362.7010272,6451965.683,1872589.652,15.5,6.4,2,9.147048000000002,0.06096000000000001,1,47,55,14.788896000000001,0.49377600000000005,Follower
50,715,784,1118848828500,2.4978360000000004,363.615732,6451967.942,1872587.678,15.5,6.4,2,9.156192,0.112776,1,47,55,14.855952000000002,0.49377600000000005,Follower
50,716,784,1118848828600,2.4990552,364.5322656,6451970.201,1872585.704,15.5,6.4,2,9.162288,0.054864,1,47,55,14.9352,0.496824,Follower
50,717,784,1118848828700,2.4990552,365.4494088,6451972.46,1872583.73,15.5,6.4,2,9.162288,-0.054864,1,47,55,15.029688000000002,0.499872,Follower
50,718,784,1118848828800,2.4978360000000004,366.36594240000005,6451974.719,1872581.756,15.5,6.4,2,9.156192,-0.112776,1,47,55,15.133320000000001,0.50292,Follower
50,719,784,1118848828900,2.4966168000000004,367.28064720000003,6451976.978,1872579.782,15.5,6.4,2,9.147048000000002,-0.06096000000000001,1,47,55,15.249144000000001,0.509016,Follower
50,720,784,1118848829000,2.4953976,368.19474240000005,6451979.237,1872577.808,15.5,6.4,2,9.144,0,1,47,55,15.386303999999999,0.512064,Follower
50,721,784,1118848829100,2.4941784,369.10914240000005,6451981.496,1872575.834,15.5,6.4,2,9.144,0,1,47,55,15.538704,0.5181600000000001,Follower
50,722,784,1118848829200,2.4929592,370.02354240000005,6451983.755,1872573.86,15.5,6.4,2,9.144,0,1,47,55,15.694152,0.52425600000000006,Follower
50,723,784,1118848829300,2.4917400000000005,370.93794240000005,6451986.014,1872571.886,15.5,6.4,2,9.144,0,1,47,55,15.8496,0.527304,Follower
50,724,784,1118848829400,2.4905208,371.85234240000005,6451988.273,1872569.912,15.5,6.4,2,9.144,0,1,47,55,16.014192,0.5334,Follower
50,725,784,1118848829500,2.4893016,372.76674240000006,6451990.532,1872567.938,15.5,6.4,2,9.144,0,1,47,55,16.18488,0.5394960000000001,Follower
50,726,784,1118848829600,2.4877776000000003,373.681752,6451992.791,1872565.964,15.5,6.4,2,9.137904,-0.0762,1,47,55,16.364712,0.5455920000000001,Follower
50,727,784,1118848829700,2.4865584,374.594628,6451995.05,1872563.99,15.5,6.4,2,9.134856000000001,-0.018288,1,47,55,16.55064,0.5516880000000001,Follower
50,728,784,1118848829800,2.4853392000000003,375.50476080000004,6451997.309,1872562.016,15.5,6.4,2,9.168384,0.515112,1,47,55,16.739616,0.5577840000000001,Follower
50,729,784,1118848829900,2.4841200000000003,376.4194656,6451999.546,1872560.061,15.5,6.4,2,9.259824,1.286256,1,47,55,16.925544000000002,0.5577840000000001,Follower
50,730,784,1118848830000,2.4780240000000004,377.3494104,6452001.851,1872558.068,15.5,6.4,2,9.390888,1.588008,1,47,55,17.090136,0.554736,Follower
50,731,784,1118848830100,2.4816816,378.297948,6452004.2,1872555.994,15.5,6.4,2,9.531096,1.274064,1,47,55,17.227296000000003,0.5516880000000001,Follower
50,732,784,1118848830200,2.4804624,379.2583728,6452006.586,1872553.909,15.5,6.4,2,9.659112,1.1338560000000002,1,47,55,17.340072000000003,0.54864,Follower
50,733,784,1118848830300,2.4792432000000004,380.2264176,6452008.959,1872551.835,15.5,6.4,2,9.814560000000002,1.7769840000000001,1,47,55,17.440656,0.542544,Follower
50,734,784,1118848830400,2.4661368,381.2106168,6452011.411,1872549.743,15.5,6.4,2,10.034016000000001,2.688336,1,47,55,17.538192000000002,0.5334,Follower
50,735,784,1118848830500,2.4640032,382.2265152,6452013.915,1872547.559,15.5,6.4,2,10.293096000000002,2.7371040000000004,1,47,55,17.623536,0.521208,Follower
50,736,784,1118848830600,2.474976,383.275332,6452016.489,1872545.255,15.5,6.4,2,10.509504,1.76784,1,47,55,17.687544000000003,0.512064,Follower
50,737,784,1118848830700,2.473452,384.342132,6452019.147,1872542.933,15.5,6.4,2,10.640568,0.7284720000000001,1,47,55,17.73936,0.509016,Follower
50,738,784,1118848830800,2.4746712,385.4128944,6452021.772,1872540.628,15.5,6.4,2,10.704576,0.356616,1,47,55,17.806416000000002,0.505968,Follower
50,739,784,1118848830900,2.4725376000000003,386.4839616,6452024.41,1872538.325,15.5,6.4,2,10.753344,0.606552,1,47,55,17.903952,0.505968,Follower
50,740,784,1118848831000,2.455164,387.5605152,6452027.111,1872536.034,15.5,6.4,2,10.820400000000001,0.8260080000000001,1,47,55,18.02892,0.509016,Follower
50,741,784,1118848831100,2.4268176,388.64773679999996,6452029.85,1872533.758,15.5,6.4,2,10.893552000000001,0.679704,1,47,55,18.159984,0.509016,Follower
50,742,784,1118848831200,2.3826216000000002,389.74227360000003,6452032.652,1872531.496,15.5,6.4,2,10.948416000000002,0.39624000000000004,1,47,55,18.291048,0.509016,Follower
50,743,784,1118848831300,2.334768,390.8410776,6452035.468,1872529.237,15.5,6.4,2,10.975848,0.124968,1,47,55,18.40992,0.512064,Follower
50,744,784,1118848831400,2.2893528,391.9411008,6452038.275,1872526.976,15.5,6.4,2,10.975848,-0.13716,1,47,55,18.525744,0.515112,Follower
50,745,784,1118848831500,2.2411944,393.0392952,6452041.091,1872524.718,15.5,6.4,2,10.945368,-0.402336,1,47,55,18.644616000000003,0.5181600000000001,Follower
50,746,784,1118848831600,2.1973032,394.133832,6452043.892,1872522.455,15.5,6.4,2,10.893552000000001,-0.67056,1,47,55,18.769584000000002,0.52425600000000006,Follower
50,747,784,1118848831700,2.1692616,395.2207488,6452046.629,1872520.179,15.5,6.4,2,10.820400000000001,-0.80772,1,47,55,18.900648,0.5334,Follower
50,748,784,1118848831800,2.1528024,396.29821680000003,6452049.329,1872517.885,15.5,6.4,2,10.750296000000002,-0.673608,1,47,55,19.043904,0.5394960000000001,Follower
50,749,784,1118848831900,2.151888,397.36776000000003,6452051.965,1872515.579,15.5,6.4,2,10.698480000000002,-0.38709600000000005,1,47,55,19.193256,0.5455920000000001,Follower
50,750,784,1118848832000,2.1546312000000003,398.4336456,6452054.587,1872513.27,15.5,6.4,2,10.671048,-0.10668,1,47,55,19.345656,0.5516880000000001,Follower
50,751,784,1118848832100,2.1543264,399.4992264,6452057.22,1872510.964,15.5,6.4,2,10.664952000000001,0.027432,1,47,55,19.498056000000002,0.5577840000000001,Follower
50,752,784,1118848832200,2.1540216,400.5660264,6452059.853,1872508.658,15.5,6.4,2,10.668000000000001,0.012192000000000001,1,47,55,19.650456000000002,0.560832,Follower
50,753,784,1118848832300,2.1540216,401.6328264,6452062.486,1872506.351,15.5,6.4,2,10.668000000000001,0,1,47,55,19.802856000000002,0.5669280000000001,Follower
50,754,784,1118848832400,2.1540216,402.6996264,6452065.118,1872504.045,15.5,6.4,2,10.668000000000001,0,1,47,55,19.955256000000002,0.569976,Follower
50,755,784,1118848832500,2.1537168,403.7664264,6452067.751,1872501.739,15.5,6.4,2,10.668000000000001,0,1,47,55,20.110704000000002,0.576072,Follower
50,756,784,1118848832600,2.1537168,404.8332264,6452070.384,1872499.433,15.5,6.4,2,10.668000000000001,0,1,47,55,20.260056000000002,0.57912,Follower
50,757,784,1118848832700,2.1534120000000003,405.9000264,6452073.017,1872497.127,15.5,6.4,2,10.668000000000001,0,1,47,55,20.412456000000002,0.582168,Follower
50,758,784,1118848832800,2.1534120000000003,406.9671312,6452075.649,1872494.82,15.5,6.4,2,10.664952000000001,-0.064008,1,47,55,20.564856,0.588264,Follower
50,759,784,1118848832900,2.1531072,408.0336264,6452078.282,1872492.514,15.5,6.4,2,10.655808,-0.12192000000000001,1,47,55,20.717256,0.5913120000000001,Follower
50,760,784,1118848833000,2.1531072,409.0982928,6452080.915,1872490.208,15.5,6.4,2,10.646664000000001,-0.057912000000000005,1,47,55,20.872704000000002,0.597408,Follower
50,761,784,1118848833100,2.1555456,410.1620448,6452083.548,1872487.902,15.5,6.4,2,10.646664000000001,0.06096000000000001,1,47,55,21.028152,0.603504,Follower
50,762,784,1118848833200,2.159508,411.22671120000007,6452086.18,1872485.595,15.5,6.4,2,10.655808,0.12192000000000001,1,47,55,21.183600000000002,0.606552,Follower
50,763,784,1118848833300,2.1628608000000002,412.2929016,6452088.813,1872483.289,15.5,6.4,2,10.664952000000001,0.064008,1,47,55,21.342096,0.6096,Follower
50,764,784,1118848833400,2.1662136000000003,413.36031120000007,6452091.446,1872480.983,15.5,6.4,2,10.668000000000001,0,1,47,55,21.497544,0.615696,Follower
50,765,784,1118848833500,2.1698712000000002,414.42741600000005,6452094.078,1872478.677,15.5,6.4,2,10.661904,-0.073152,1,47,55,21.631656,0.618744,Follower
50,766,784,1118848833600,2.1735288,415.4929968,6452096.711,1872476.37,15.5,6.4,2,10.658856,-0.021336000000000004,1,47,55,21.726144,0.621792,Follower
50,767,784,1118848833700,2.1771864,416.55492000000004,6452099.344,1872474.064,15.5,6.4,2,10.698480000000002,0.618744,1,47,55,21.790152,0.621792,Follower
50,768,784,1118848833800,2.1805392,417.6195864,6452101.955,1872471.777,15.5,6.4,2,10.829544,1.901952,1,47,55,21.80844,0.612648,Follower
50,769,784,1118848833900,2.1717,418.7028456,6452104.649,1872469.472,15.5,6.4,2,11.082528,3.26136,1,47,55,21.790152,0.600456,Follower
50,770,784,1118848834000,2.1686520000000002,419.8278624,6452107.429,1872467.066,15.5,6.4,2,11.43,3.41376,1,47,55,21.726144,0.57912,Follower
50,771,784,1118848834100,2.17932,420.98823600000003,6452110.29,1872464.53,15.5,6.4,2,11.780520000000001,3.3467040000000003,1,47,55,21.631656,0.560832,Follower
50,772,784,1118848834200,2.1957792,422.192196,6452113.238,1872461.893,15.5,6.4,2,12.036552,1.9293840000000002,1,47,55,21.50364,0.5455920000000001,Follower
50,773,784,1118848834300,2.1997416,423.41749200000004,6452116.269,1872459.238,15.5,6.4,2,12.140184,0.13106400000000001,1,47,55,21.354288,0.536448,Follower
50,774,784,1118848834400,2.2040088,424.6424832,6452119.299,1872456.583,15.5,6.4,2,12.08532,-1.344168,1,47,55,21.180552,0.5334,Follower
50,775,784,1118848834500,2.212848,425.85071039999997,6452122.263,1872453.966,15.5,6.4,2,11.91768,-2.1823680000000003,1,47,55,20.982432000000003,0.536448,Follower
50,776,784,1118848834600,2.2171152000000003,427.03363920000004,6452125.178,1872451.411,15.5,6.4,2,11.682984,-2.511552,1,47,55,20.77212,0.542544,Follower
50,777,784,1118848834700,2.2213824,428.1900504000001,6452128.036,1872448.905,15.5,6.4,2,11.43,-2.5786080000000005,1,47,55,20.546568,0.54864,Follower
50,778,784,1118848834800,2.2247352,429.319944,6452130.82,1872446.469,15.5,6.4,2,11.177016000000002,-2.520696,1,47,55,20.330160000000003,0.554736,Follower
50,779,784,1118848834900,2.228088,430.4221008,6452133.546,1872444.082,15.5,6.4,2,10.948416000000002,-2.109216,1,47,55,20.135088000000003,0.560832,Follower
50,780,784,1118848835000,2.226564,431.5010928,6452136.224,1872441.758,15.5,6.4,2,10.780776,-1.313688,1,47,55,19.970496,0.56388,Follower
50,781,784,1118848835100,2.2302216,432.56697840000004,6452138.835,1872439.471,15.5,6.4,2,10.695432000000002,-0.41148000000000007,1,47,55,19.818096,0.56388,Follower
50,782,784,1118848835200,2.2338792,433.63103520000004,6452141.468,1872437.164,15.5,6.4,2,10.668000000000001,0.04267200000000001,1,47,55,19.668744,0.560832,Follower
50,783,784,1118848835300,2.2375368,434.7014928,6452144.1,1872434.858,15.5,6.4,2,10.634472,-0.54864,1,47,55,19.513296,0.5577840000000001,Follower
50,784,784,1118848835400,2.2408896,435.7707312,6452146.755,1872432.533,15.5,6.4,2,10.503408,-1.908048,1,47,55,19.357848,0.560832,Follower
50,785,784,1118848835500,2.2567392,436.8210720000001,6452149.327,1872430.226,15.5,6.4,2,10.250424,-3.26136,1,47,55,19.223736000000002,0.573024,Follower
50,786,784,1118848835600,2.2671024,437.82935040000007,6452151.812,1872428.019,15.5,6.4,2,9.906,-3.41376,1,47,55,19.129248,0.588264,Follower
50,787,784,1118848835700,2.2634448000000003,438.8019672,6452154.216,1872425.943,15.5,6.4,2,9.558528,-3.258312,1,47,55,19.071336000000002,0.6096,Follower
50,788,784,1118848835800,2.253996,439.7331312,6452156.534,1872423.967,15.5,6.4,2,9.305544000000001,-1.905,1,47,55,19.053048,0.62484,Follower
50,789,784,1118848835900,2.257044,440.64539759999997,6452158.768,1872422.009,15.5,6.4,2,9.17448,-0.62484,1,47,55,19.056096,0.6339840000000001,Follower
50,790,784,1118848836000,2.260092,441.55492080000005,6452161.025,1872420.032,15.5,6.4,2,9.134856000000001,0.021336000000000004,1,47,55,19.062192,0.637032,Follower
50,791,784,1118848836100,2.2628352,442.467492,6452163.282,1872418.056,15.5,6.4,2,9.144,0.149352,1,47,55,19.062192,0.6339840000000001,Follower
50,792,784,1118848836200,2.266188,443.3825016,6452165.538,1872416.079,15.5,6.4,2,9.162288,0.17068800000000003,1,47,55,19.062192,0.6339840000000001,Follower
50,793,784,1118848836300,2.2603968,444.2996448,6452167.814,1872414.124,15.5,6.4,2,9.17448,0.124968,1,47,55,19.059144,0.6339840000000001,Follower
50,794,784,1118848836400,2.27076,445.218312,6452170.037,1872412.126,15.5,6.4,2,9.177528,-0.006096000000000001,1,47,55,19.056096,0.6339840000000001,Follower
50,795,784,1118848836500,2.3119080000000003,446.137284,6452172.209,1872410.035,15.5,6.4,2,9.17448,-0.140208,1,47,55,19.05,0.6339840000000001,Follower
50,796,784,1118848836600,2.3707344,447.05412240000004,6452174.335,1872407.909,15.5,6.4,2,9.15924,-0.16459200000000002,1,47,55,19.046952,0.6339840000000001,Follower
50,797,784,1118848836700,2.4118824,447.96852240000004,6452176.507,1872405.818,15.5,6.4,2,9.147048000000002,-0.088392,1,47,55,19.046952,0.6339840000000001,Follower
50,798,784,1118848836800,2.4219408000000002,448.8826176,6452178.729,1872403.82,15.5,6.4,2,9.140952,-0.030480000000000004,1,47,55,19.046952,0.6339840000000001,Follower
50,799,784,1118848836900,2.4112728,449.79610320000006,6452181.005,1872401.865,15.5,6.4,2,9.140952,0.027432,1,47,55,19.05,0.6339840000000001,Follower
50,800,784,1118848837000,2.4091392000000003,450.70989360000004,6452183.262,1872399.889,15.5,6.4,2,9.140952,0.033528,1,47,55,19.05,0.6339840000000001,Follower
50,801,784,1118848837100,2.4073104,451.6245984,6452185.519,1872397.912,15.5,6.4,2,9.144,0,1,47,55,19.05,0.6339840000000001,Follower
50,802,784,1118848837200,2.4057864,452.5389984,6452187.775,1872395.935,15.5,6.4,2,9.144,0,1,47,55,19.05,0.6339840000000001,Follower
50,803,784,1118848837300,2.4039576,453.4533984,6452190.032,1872393.958,15.5,6.4,2,9.144,0,1,47,55,19.05,0.6339840000000001,Follower
50,804,784,1118848837400,2.4021288000000003,454.3677984,6452192.288,1872391.982,15.5,6.4,2,9.144,0,1,47,55,19.05,0.6339840000000001,Follower
50,805,784,1118848837500,2.4003,455.2821984,6452194.545,1872390.005,15.5,6.4,2,9.144,0,1,47,55,19.05,0.6339840000000001,Follower
50,806,784,1118848837600,2.3984712,456.1965984,6452196.802,1872388.028,15.5,6.4,2,9.144,0,1,47,55,19.05,0.6339840000000001,Follower
50,807,784,1118848837700,2.3969472,457.1109984,6452199.058,1872386.051,15.5,6.4,2,9.144,0,1,47,55,19.05,0.6339840000000001,Follower
50,808,784,1118848837800,2.3951184,458.02539840000003,6452201.315,1872384.074,15.5,6.4,2,9.144,0,1,47,55,19.05,0.6339840000000001,Follower
50,809,784,1118848837900,2.3929848000000002,458.93979840000003,6452203.572,1872382.098,15.5,6.4,2,9.144,0,1,47,55,19.05,0.6339840000000001,Follower
50,810,784,1118848838000,2.3914608,459.85419840000003,6452205.828,1872380.121,15.5,6.4,2,9.144,0,1,47,55,19.05,0.6339840000000001,Follower
50,811,784,1118848838100,2.389632,460.76859840000003,6452208.085,1872378.144,15.5,6.4,2,9.144,0,1,47,55,19.05,0.6339840000000001,Follower
50,812,784,1118848838200,2.3878032,461.68299840000003,6452210.341,1872376.167,15.5,6.4,2,9.144,0,1,47,55,19.05,0.6339840000000001,Follower
50,813,784,1118848838300,2.3859744000000003,462.59739840000003,6452212.598,1872374.191,15.5,6.4,2,9.144,0,1,47,55,19.040856,0.6339840000000001,Follower
50,814,784,1118848838400,2.3841456,463.51179840000003,6452214.855,1872372.214,15.5,6.4,2,9.144,0,1,47,55,19.031712,0.6339840000000001,Follower
50,815,784,1118848838500,2.3823168,464.4265032,6452217.111,1872370.237,15.5,6.4,2,9.140952,-0.030480000000000004,1,47,55,19.031712,0.6339840000000001,Follower
50,816,784,1118848838600,2.380488,465.34029360000005,6452219.368,1872368.26,15.5,6.4,2,9.140952,-0.027432,1,47,55,19.062192,0.637032,Follower
50,817,784,1118848838700,2.3698200000000003,466.2537792,6452221.644,1872366.305,15.5,6.4,2,9.140952,0.033528,1,47,55,19.123152,0.637032,Follower
50,818,784,1118848838800,2.3795736,467.1678744,6452223.866,1872364.308,15.5,6.4,2,9.147048000000002,0.094488,1,47,55,19.208496,0.6400800000000001,Follower
50,819,784,1118848838900,2.4207216000000003,468.082884,6452226.039,1872362.217,15.5,6.4,2,9.153144000000001,0.06096000000000001,1,47,55,19.302984000000002,0.643128,Follower
50,820,784,1118848839000,2.4798527999999997,468.9994176,6452228.164,1872360.09,15.5,6.4,2,9.153144000000001,-0.06096000000000001,1,47,55,19.394424,0.6461760000000001,Follower
50,821,784,1118848839100,2.5210008000000004,469.91442720000003,6452230.337,1872357.999,15.5,6.4,2,9.147048000000002,-0.094488,1,47,55,19.485864,0.649224,Follower
50,822,784,1118848839200,2.5307544,470.8285224,6452232.559,1872356.002,15.5,6.4,2,9.140952,-0.033528,1,47,55,19.577304,0.6522720000000001,Follower
50,823,784,1118848839300,2.5200864000000003,471.74200800000006,6452234.835,1872354.047,15.5,6.4,2,9.140952,0.030480000000000004,1,47,55,19.67484,0.65532,Follower
50,824,784,1118848839400,2.5182576,472.65579840000004,6452237.092,1872352.07,15.5,6.4,2,9.140952,0.033528,1,47,55,19.760184,0.6583680000000001,Follower
50,825,784,1118848839500,2.5167336000000002,473.5705032,6452239.348,1872350.093,15.5,6.4,2,9.144,0,1,47,55,19.815048,0.661416,Follower
50,826,784,1118848839600,2.5149048,474.4849032,6452241.605,1872348.116,15.5,6.4,2,9.144,0,1,47,55,19.84248,0.661416,Follower
50,827,784,1118848839700,2.513076,475.3993032,6452243.861,1872346.14,15.5,6.4,2,9.144,0,1,47,55,19.860768,0.661416,Follower
50,828,784,1118848839800,2.5112472000000006,476.31400800000006,6452246.118,1872344.163,15.5,6.4,2,9.140952,-0.027432,1,47,55,19.891248,0.664464,Follower
50,829,784,1118848839900,2.5094184000000004,477.226884,6452248.375,1872342.186,15.5,6.4,2,9.150096,0.146304,1,47,55,19.955256000000002,0.664464,Follower
50,830,784,1118848840000,2.5078944,478.13976,6452250.631,1872340.209,15.5,6.4,2,9.192768000000001,0.606552,1,47,55,20.043648,0.664464,Follower
50,831,784,1118848840100,2.5097232000000003,479.0584272,6452252.871,1872338.23,15.5,6.4,2,9.278112,1.1490960000000001,1,47,55,20.159472,0.661416,Follower
50,832,784,1118848840200,2.4868632,479.9923344,6452255.23,1872336.256,15.5,6.4,2,9.378696,1.0668,1,47,55,20.28444,0.6583680000000001,Follower
50,833,784,1118848840300,2.4527256000000004,480.9405672,6452257.631,1872334.293,15.5,6.4,2,9.439656,0.237744,1,47,55,20.406360000000003,0.6583680000000001,Follower
50,834,784,1118848840400,2.3972520000000004,481.8900192,6452260.133,1872332.335,15.5,6.4,2,9.436608000000001,-0.41757600000000006,1,47,55,20.509992000000004,0.661416,Follower
50,835,784,1118848840500,2.3618952,482.830632,6452262.541,1872330.388,15.5,6.4,2,9.421368000000001,-0.146304,1,47,55,20.580096,0.664464,Follower
50,836,784,1118848840600,2.3436072,483.7642344,6452264.909,1872328.415,15.5,6.4,2,9.473184,1.0911840000000002,1,47,55,20.616672,0.664464,Follower
50,837,784,1118848840700,2.3643336,484.71002880000003,6452267.184,1872326.353,15.5,6.4,2,9.625584,2.109216,1,47,55,20.60448,0.6522720000000001,Follower
50,838,784,1118848840800,2.394204,485.68295040000004,6452269.536,1872324.185,15.5,6.4,2,9.820656,2.02692,1,47,55,20.543520000000004,0.637032,Follower
50,839,784,1118848840900,2.4298656000000003,486.68025600000004,6452271.951,1872321.936,15.5,6.4,2,9.973056,1.139952,1,47,55,20.455128000000002,0.62484,Follower
50,840,784,1118848841000,2.46888,487.6900584,6452274.372,1872319.668,15.5,6.4,2,10.049256,0.222504,1,47,55,20.357592000000004,0.618744,Follower
50,841,784,1118848841100,2.5085040000000003,488.698032,6452276.778,1872317.41,15.5,6.4,2,10.061448,-0.045720000000000004,1,47,55,20.266151999999998,0.612648,Follower
50,842,784,1118848841200,2.5493472,489.7041768,6452279.182,1872315.149,15.5,6.4,2,10.0584,-0.039624000000000006,1,47,55,20.174712,0.612648,Follower
50,843,784,1118848841300,2.589276,490.7115408,6452281.588,1872312.891,15.5,6.4,2,10.034016000000001,-0.332232,1,47,55,20.080224,0.6096,Follower
50,844,784,1118848841400,2.6282904,491.71494240000004,6452284.008,1872310.623,15.5,6.4,2,9.991344000000002,-0.588264,1,47,55,19.988784,0.6096,Follower
50,845,784,1118848841500,2.6642568,492.70889520000003,6452286.401,1872308.393,15.5,6.4,2,9.960864,-0.19812000000000002,1,47,55,19.912584,0.6096,Follower
50,846,784,1118848841600,2.6886408,493.6973616,6452288.775,1872306.229,15.5,6.4,2,10.000488,0.877824,1,47,55,19.851624,0.603504,Follower
50,847,784,1118848841700,2.6904696,494.6937528,6452291.247,1872304.078,15.5,6.4,2,10.140696000000002,2.020824,1,47,55,19.784568,0.59436,Follower
50,848,784,1118848841800,2.6926032,495.7157472,6452293.769,1872301.883,15.5,6.4,2,10.344911999999999,2.261616,1,47,55,19.69008,0.57912,Follower
50,849,784,1118848841900,2.700528,496.76578320000004,6452296.357,1872299.605,15.5,6.4,2,10.527792,1.5575280000000002,1,47,55,19.555968,0.5669280000000001,Follower
50,850,784,1118848842000,2.7014424,497.8325832,6452299.022,1872297.292,15.5,6.4,2,10.63752,0.603504,1,47,55,19.40052,0.554736,Follower
50,851,784,1118848842100,2.702052,498.90334559999997,6452301.665,1872294.998,15.5,6.4,2,10.680192,0.0762,1,47,55,19.245072,0.54864,Follower
50,852,784,1118848842200,2.7023568,499.9728888,6452304.309,1872292.704,15.5,6.4,2,10.680192,-0.048768000000000006,1,47,55,19.089624,0.5455920000000001,Follower
50,853,784,1118848842300,2.7032712,501.0433464000001,6452306.952,1872290.41,15.5,6.4,2,10.646664000000001,-0.48768000000000006,1,47,55,18.934176,0.542544,Follower
50,854,784,1118848842400,2.7038808000000003,502.1110608,6452309.618,1872288.096,15.5,6.4,2,10.555224,-1.32588,1,47,55,18.778728,0.542544,Follower
50,855,784,1118848842500,2.7096720000000003,503.16536400000007,6452312.215,1872285.82,15.5,6.4,2,10.387584,-2.11836,1,47,55,18.63852,0.5455920000000001,Follower
50,856,784,1118848842600,2.7102816,504.19650240000004,6452314.765,1872283.607,15.5,6.4,2,10.158984,-2.5146,1,47,55,18.522696000000003,0.554736,Follower
50,857,784,1118848842700,2.7115008000000005,505.199904,6452317.256,1872281.442,15.5,6.4,2,9.906,-2.563368,1,47,55,18.434304,0.5669280000000001,Follower
50,858,784,1118848842800,2.7115008000000005,506.1773976,6452319.674,1872279.346,15.5,6.4,2,9.653016000000001,-2.505456,1,47,55,18.370296000000003,0.57912,Follower
50,859,784,1118848842900,2.7118056000000004,507.12776400000007,6452322.033,1872277.3,15.5,6.4,2,9.424416,-2.112264,1,47,55,18.33372,0.59436,Follower
50,860,784,1118848843000,2.7075384,508.0546608,6452324.345,1872275.314,15.5,6.4,2,9.259824,-1.32588,1,47,55,18.321528,0.603504,Follower
50,861,784,1118848843100,2.708148,508.9681464,6452326.588,1872273.367,15.5,6.4,2,9.165336,-0.49377600000000005,1,47,55,18.324576,0.6096,Follower
50,862,784,1118848843200,2.7087576,509.8782792,6452328.854,1872271.401,15.5,6.4,2,9.134856000000001,0.024384000000000003,1,47,55,18.330672,0.612648,Follower
50,863,784,1118848843300,2.7093672,510.79146000000003,6452331.119,1872269.435,15.5,6.4,2,9.137904,0.08534400000000002,1,47,55,18.33372,0.612648,Follower
50,864,784,1118848843400,2.7099768,511.7037264,6452333.385,1872267.468,15.5,6.4,2,9.168384,0.381,1,47,55,18.324576,0.6096,Follower
50,865,784,1118848843500,2.7102816,512.6208696,6452335.651,1872265.502,15.5,6.4,2,9.223248000000002,0.707136,1,47,55,18.284952,0.603504,Follower
50,866,784,1118848843600,2.711196,513.548376,6452337.916,1872263.535,15.5,6.4,2,9.259824,0.33528,1,47,55,18.205704,0.600456,Follower
50,867,784,1118848843700,2.7057096000000005,514.4801496,6452340.182,1872261.569,15.5,6.4,2,9.259824,-0.344424,1,47,55,18.099024,0.59436,Follower
50,868,784,1118848843800,2.6916888,515.4076560000001,6452342.448,1872259.603,15.5,6.4,2,9.2202,-0.710184,1,47,55,17.980152,0.59436,Follower
50,869,784,1118848843900,2.677668,516.3244944,6452344.713,1872257.636,15.5,6.4,2,9.165336,-0.377952,1,47,55,17.87652,0.59436,Follower
50,870,784,1118848844000,2.6633424,517.2361512,6452346.979,1872255.67,15.5,6.4,2,9.144,0,1,47,55,17.78508,0.5913120000000001,Follower
50,871,784,1118848844100,2.6493216000000004,518.1505512,6452349.245,1872253.703,15.5,6.4,2,9.144,0,1,47,55,17.69364,0.5913120000000001,Follower
50,872,784,1118848844200,2.634996,519.0646464,6452351.51,1872251.737,15.5,6.4,2,9.144,0,1,47,55,17.608296000000003,0.588264,Follower
50,873,784,1118848844300,2.6206704000000003,519.9790464,6452353.776,1872249.771,15.5,6.4,2,9.144,0,1,47,55,17.516856,0.585216,Follower
50,874,784,1118848844400,2.6066496,520.8934464,6452356.042,1872247.804,15.5,6.4,2,9.144,0,1,47,55,17.425416000000002,0.582168,Follower
50,875,784,1118848844500,2.5926288000000004,521.8075416,6452358.307,1872245.838,15.5,6.4,2,9.144,0,1,47,55,17.330928,0.57912,Follower
50,876,784,1118848844600,2.5786080000000005,522.7219416,6452360.573,1872243.871,15.5,6.4,2,9.144,0,1,47,55,17.230344000000002,0.573024,Follower
50,877,784,1118848844700,2.5642824,523.6360367999999,6452362.839,1872241.905,15.5,6.4,2,9.144,0,1,47,55,17.126712,0.569976,Follower
50,878,784,1118848844800,2.5499568,524.55043679999994,6452365.104,1872239.939,15.5,6.4,2,9.144,0,1,47,55,17.004792000000002,0.5669280000000001,Follower
50,879,784,1118848844900,2.5359360000000004,525.4642272,6452367.37,1872237.972,15.5,6.4,2,9.147048000000002,0.070104,1,47,55,16.867632,0.560832,Follower
50,880,784,1118848845000,2.5216104,526.3795416,6452369.636,1872236.006,15.5,6.4,2,9.153144000000001,0.064008,1,47,55,16.730472000000002,0.5577840000000001,Follower
50,881,784,1118848845100,2.5075896,527.2982088,6452371.901,1872234.039,15.5,6.4,2,9.125712,-0.451104,1,47,55,16.605504,0.554736,Follower
50,882,784,1118848845200,2.4953976,528.2156568,6452374.182,1872232.051,15.5,6.4,2,9.019032000000001,-1.5453360000000003,1,47,55,16.498824000000003,0.5577840000000001,Follower
50,883,784,1118848845300,2.4850344000000004,529.11756,6452376.421,1872230.091,15.5,6.4,2,8.814816,-2.673096,1,47,55,16.410432,0.5669280000000001,Follower
50,884,784,1118848845400,2.4658320000000002,529.9883736,6452378.587,1872228.236,15.5,6.4,2,8.543544,-2.999232,1,47,55,16.355567999999998,0.582168,Follower
50,885,784,1118848845500,2.4326088,530.8229160000001,6452380.7,1872226.491,15.5,6.4,2,8.290560000000001,-2.215896,1,47,55,16.346424000000003,0.600456,Follower
50,886,784,1118848845600,2.3993856,531.6327696000001,6452382.739,1872224.811,15.5,6.4,2,8.129016000000002,-0.9875520000000001,1,47,55,16.36776,0.612648,Follower
50,887,784,1118848845700,2.3777448000000003,532.4346984,6452384.741,1872223.114,15.5,6.4,2,8.068056,-0.112776,1,47,55,16.407384,0.618744,Follower
50,888,784,1118848845800,2.3591520000000004,533.238456,6452386.759,1872221.389,15.5,6.4,2,8.065008,0.146304,1,47,55,16.456152000000003,0.621792,Follower
50,889,784,1118848845900,2.3390352,534.0489192,6452388.777,1872219.671,15.5,6.4,2,8.049768,-0.356616,1,47,55,16.52016,0.62484,Follower
50,890,784,1118848846000,2.3186136000000004,534.8545056,6452390.795,1872217.953,15.5,6.4,2,7.994904000000001,-0.765048,1,47,55,16.617696000000002,0.6339840000000001,Follower
50,891,784,1118848846100,2.2984968,535.6479,6452392.813,1872216.235,15.5,6.4,2,7.952232,-0.356616,1,47,55,16.736568,0.6400800000000001,Follower
50,892,784,1118848846200,2.2853904000000003,536.4370272,6452394.83,1872214.517,15.5,6.4,2,7.952232,0.371856,1,47,55,16.867632,0.6461760000000001,Follower
50,893,784,1118848846300,2.281428,537.2307264,6452396.848,1872212.799,15.5,6.4,2,7.994904000000001,0.762,1,47,55,16.989552,0.649224,Follower
50,894,784,1118848846400,2.2777704,538.036008,6452398.866,1872211.08,15.5,6.4,2,8.052816000000002,0.402336,1,47,55,17.09928,0.6461760000000001,Follower
50,895,784,1118848846500,2.2741128,538.8464712,6452400.883,1872209.362,15.5,6.4,2,8.077200000000001,0,1,47,55,17.202912,0.649224,Follower
50,896,784,1118848846600,2.2701504000000003,539.6541912,6452402.901,1872207.644,15.5,6.4,2,8.077200000000001,0,1,47,55,17.306544000000002,0.6522720000000001,Follower
50,897,784,1118848846700,2.2664928,540.4619112,6452404.919,1872205.926,15.5,6.4,2,8.077200000000001,0,1,47,55,17.416272,0.6583680000000001,Follower
50,898,784,1118848846800,2.2625304,541.2696312,6452406.937,1872204.208,15.5,6.4,2,8.077200000000001,0,1,47,55,17.526,0.661416,Follower
50,899,784,1118848846900,2.2588728,542.0773512000001,6452408.954,1872202.49,15.5,6.4,2,8.077200000000001,0,1,47,55,17.638776,0.664464,Follower
50,900,784,1118848847000,2.2549104,542.885376,6452410.972,1872200.772,15.5,6.4,2,8.074152,-0.05181600000000001,1,47,55,17.751552,0.67056,Follower
50,901,784,1118848847100,2.2512528,543.6924864,6452412.99,1872199.054,15.5,6.4,2,8.068056,-0.048768000000000006,1,47,55,17.858232,0.673608,Follower
