Vehicle_ID,Frame_ID,Total_Frames,Global_Time,Local_X,Local_Y,Global_X,Global_Y,v_Length,v_Width,v_Class,v_Vel,v_Acc,Lane_ID,Preceeding,Following,Space_Hdwy,Time_Hdwy
1996,5719,512,1118847550800,53.021,40.078,6451113.589,1873317.038,17,5.4,2,35.27,0,5,1987,0,49.51,1.4
1996,5720,512,1118847550900,53.001,44.078,6451116.277,1873314.076,17,5.4,2,35.27,0,5,1987,0,48.34,1.37
1996,5721,512,1118847551000,52.979,48.078,6451118.966,1873311.115,17,5.4,2,35.27,0,5,1987,0,47.23,1.34
1996,5722,512,1118847551100,52.959,52.077,6451121.654,1873308.153,17,5.4,2,35.27,0,5,1987,0,46.28,1.31
1996,5723,512,1118847551200,52.941,55.578,6451124.007,1873305.561,17,5.4,2,35.27,0,5,1987,0,45.98,1.3
1996,5724,512,1118847551300,52.923,59.119,6451126.379,1873302.948,17,5.4,2,35.27,-4.82,5,1987,0,45.57,1.29
1996,5725,512,1118847551400,52.905,62.587,6451128.712,1873300.378,17,5.4,2,34.97,-0.26,5,1987,0,45.15,1.29
1996,5726,512,1118847551500,52.887,66.079,6451131.064,1873297.787,17,5.4,2,34.96,0.23,5,1987,0,44.65,1.28
1996,5727,512,1118847551600,52.869,69.575,6451133.417,1873295.196,17,5.4,2,34.98,0.27,5,1987,0,44.14,1.26
1996,5728,512,1118847551700,52.852,73.077,6451135.769,1873292.604,17,5.4,2,35,0,5,1987,0,43.64,1.25
1996,5729,512,1118847551800,52.833,76.577,6451138.122,1873290.013,17,5.4,2,35,0,5,1987,0,43.14,1.23
1996,5730,512,1118847551900,52.816,80.077,6451140.474,1873287.421,17,5.4,2,35,0,5,1987,0,42.64,1.22
1996,5731,512,1118847552000,52.797,83.629,6451142.827,1873284.83,17,5.4,2,34.52,-7.67,5,1987,0,42.08,1.22
1996,5732,512,1118847552100,52.78,87.041,6451145.179,1873282.238,17,5.4,2,33.4,-11.2,5,1987,0,41.67,1.25
1996,5733,512,1118847552200,52.761,90.321,6451147.532,1873279.647,17,5.4,2,32.48,-9,5,1987,0,41.39,1.27
1996,5734,512,1118847552300,52.767,93.469,6451149.904,1873277.033,17,5.4,2,32.05,0.92,5,1987,0,41.23,1.29
1996,5735,512,1118847552400,52.847,96.644,6451152.207,1873274.441,17,5.4,2,32.01,3.7,5,1987,0,41.05,1.28
1996,5736,512,1118847552500,52.903,99.916,6451154.427,1873271.972,17,5.4,2,31.97,-5.21,5,1987,0,40.83,1.28
1996,5737,512,1118847552600,52.926,103.127,6451156.576,1873269.628,17,5.4,2,31.41,-9.25,5,1987,0,40.76,1.3
1996,5738,512,1118847552700,52.925,106.172,6451158.622,1873267.43,17,5.4,2,30.89,-1.66,5,1987,0,40.85,1.32
1996,5739,512,1118847552800,52.948,109.214,6451160.655,1873265.21,17,5.4,2,30.93,3.85,5,1987,0,40.87,1.32
1996,5740,512,1118847552900,52.999,112.328,6451162.757,1873262.876,17,5.4,2,31.2,2.9,5,1987,0,40.78,1.31
1996,5741,512,1118847553000,53.038,115.496,6451164.906,1873260.508,17,5.4,2,31.22,-2.42,5,1987,0,40.81,1.31
1996,5742,512,1118847553100,53.089,118.63,6451167.008,1873258.174,17,5.4,2,30.86,-5.72,5,1987,0,41,1.33
1996,5743,512,1118847553200,53.114,121.683,6451169.061,1873255.931,17,5.4,2,30.38,-4.57,5,1987,0,41.47,1.36
1996,5744,512,1118847553300,53.15,124.679,6451171.057,1873253.732,17,5.4,2,30.06,-1.65,5,1987,0,41.97,1.4
1996,5745,512,1118847553400,53.187,127.664,6451173.073,1873251.511,17,5.4,2,29.97,0.15,5,1987,0,42.46,1.42
1996,5746,512,1118847553500,53.222,130.659,6451175.09,1873249.29,17,5.4,2,29.98,0.27,5,1987,0,43.01,1.43
1996,5747,512,1118847553600,53.26,133.661,6451177.106,1873247.068,17,5.4,2,30,0,5,1987,2007,43.72,1.46
1996,5748,512,1118847553700,53.296,136.659,6451179.123,1873244.847,17,5.4,2,30.02,0.28,5,1987,2007,44.54,1.48
1996,5749,512,1118847553800,53.332,139.663,6451181.139,1873242.626,17,5.4,2,30.03,0.1,5,1987,2007,45.29,1.51
1996,5750,512,1118847553900,53.368,142.679,6451183.156,1873240.405,17,5.4,2,29.92,-1.84,5,1987,2007,45.89,1.53
1996,5751,512,1118847554000,53.399,145.671,6451185.199,1873238.164,17,5.4,2,29.66,-3.45,5,1987,2007,46.36,1.56
1996,5752,512,1118847554100,53.459,148.61,6451187.164,1873235.963,17,5.4,2,29.47,-1.63,5,1987,2007,46.73,1.59
1996,5753,512,1118847554200,53.512,151.515,6451189.068,1873233.839,17,5.4,2,29.59,3.74,5,1987,2007,46.99,1.59
1996,5754,512,1118847554300,53.42,154.453,6451191.147,1873231.739,17,5.4,2,30.22,9.46,5,1987,2007,47.06,1.56
1996,5755,512,1118847554400,53.284,157.51,6451193.322,1873229.601,17,5.4,2,31.21,11.04,5,1987,2007,46.99,1.51
1996,5756,512,1118847554500,53.12,160.747,6451195.614,1873227.377,17,5.4,2,31.74,1.83,5,1987,2007,46.74,1.47
1996,5757,512,1118847554600,52.867,163.988,6451198.063,1873225.116,17,5.4,2,31.43,-8.08,5,1987,2007,46.5,1.48
1996,5758,512,1118847554700,52.607,167.081,6451200.503,1873222.874,17,5.4,2,31.04,-5.03,5,1987,2007,46.41,1.5
1996,5759,512,1118847554800,52.387,170.098,6451202.944,1873220.632,17,5.4,2,31.1,5.99,5,1987,2007,46.39,1.49
1996,5760,512,1118847554900,52.173,173.192,6451205.384,1873218.391,17,5.4,2,31.75,11.2,5,1987,2007,46.29,1.46
1996,5761,512,1118847555000,51.961,176.468,6451207.824,1873216.149,17,5.4,2,32.47,3.22,5,1987,2007,46.02,1.42
1996,5762,512,1118847555100,51.751,179.813,6451210.285,1873213.881,17,5.4,2,32.29,-8.05,5,1987,2007,45.72,1.42
1996,5763,512,1118847555200,51.599,183.018,6451212.618,1873211.663,17,5.4,2,31.29,-11.2,5,1987,2007,45.4,1.45
1996,5764,512,1118847555300,51.467,186.076,6451214.839,1873209.533,17,5.4,2,29.95,-11.2,5,1987,2007,45.04,1.5
1996,5765,512,1118847555400,51.391,189.001,6451216.917,1873207.471,17,5.4,2,28.53,-11.2,5,1987,2007,44.57,1.56
1996,5766,512,1118847555500,51.371,191.796,6451218.841,1873205.489,17,5.4,2,27.3,-10.98,5,1987,2007,44.54,1.63
1996,5767,512,1118847555600,51.386,194.432,6451220.654,1873203.573,17,5.4,2,26.53,-4.94,5,1987,2007,44.88,1.69
1996,5768,512,1118847555700,51.462,197.024,6451222.364,1873201.677,17,5.4,2,26.28,0.44,5,1987,2007,45.54,1.73
1996,5769,512,1118847555800,51.531,199.646,6451224.127,1873199.735,17,5.4,2,26.29,1.14,5,1987,2007,46.5,1.77
1996,5770,512,1118847555900,51.601,202.303,6451225.94,1873197.738,17,5.4,2,26.2,-2.51,5,1987,2007,47.47,1.81
1996,5771,512,1118847556000,51.683,204.932,6451227.706,1873195.774,17,5.4,2,25.84,-5.54,5,1987,2007,48.46,1.88
1996,5772,512,1118847556100,51.738,207.484,6451229.422,1873193.902,17,5.4,2,25.38,-4.53,5,1987,2007,49.53,1.95
1996,5773,512,1118847556200,51.802,209.98,6451231.083,1873192.073,17,5.4,2,25.06,-1.62,5,1987,2007,50.66,2.02
1996,5774,512,1118847556300,51.868,212.465,6451232.763,1873190.222,17,5.4,2,24.96,0.13,5,1987,2007,51.79,2.07
1996,5775,512,1118847556400,51.934,214.96,6451234.444,1873188.37,17,5.4,2,24.98,0.25,5,1987,2007,52.84,2.12
1996,5776,512,1118847556500,52,217.461,6451236.124,1873186.519,17,5.4,2,24.99,0,5,1987,2007,53.82,2.15
1996,5777,512,1118847556600,52.066,219.96,6451237.804,1873184.668,17,5.4,2,24.99,0,5,1987,2007,54.78,2.19
1996,5778,512,1118847556700,52.132,222.459,6451239.485,1873182.817,17,5.4,2,25,0.07,5,1987,2007,55.82,2.23
1996,5779,512,1118847556800,52.198,224.961,6451241.165,1873180.966,17,5.4,2,24.99,-0.12,5,1987,2007,56.95,2.28
1996,5780,512,1118847556900,52.256,227.534,6451242.853,1873179.117,17,5.4,2,24.3,-11.11,5,1987,2007,58.02,2.39
1996,5781,512,1118847557000,52.346,229.813,6451244.517,1873177.248,17,5.4,2,22.23,-11.2,5,1987,2007,59.35,2.67
1996,5782,512,1118847557100,52.446,231.915,6451246.159,1873175.388,17,5.4,2,19.91,-11.2,5,1987,2007,60.81,3.05
1996,5783,512,1118847557200,52.454,233.8,6451247.861,1873173.609,17,5.4,2,18.93,0.32,5,1987,2007,62.53,3.3
1996,5784,512,1118847557300,52.437,235.677,6451249.61,1873171.942,17,5.4,2,19.81,11.2,5,1987,2007,64.31,3.25
1996,5785,512,1118847557400,52.314,237.75,6451251.417,1873170.366,17,5.4,2,21.96,11.2,5,1987,2007,65.9,3
1996,5786,512,1118847557500,52.147,240.031,6451253.268,1873168.809,17,5.4,2,23.65,7.64,5,1987,2007,67.25,2.84
1996,5787,512,1118847557600,52.005,242.494,6451255.104,1873167.233,17,5.4,2,24.13,0.17,5,1987,2007,68.38,2.83
1996,5788,512,1118847557700,51.862,244.91,6451256.939,1873165.658,17,5.4,2,24.14,-0.09,5,1987,2007,69.59,2.88
1996,5789,512,1118847557800,51.72,247.322,6451258.774,1873164.082,17,5.4,2,24.14,0.1,5,1987,2007,70.88,2.94
1996,5790,512,1118847557900,51.577,249.737,6451260.609,1873162.507,17,5.4,2,24.16,0.19,5,1987,2007,72.25,2.99
1996,5791,512,1118847558000,51.423,252.158,6451262.446,1873160.946,17,5.4,2,24.13,-0.53,5,1987,2007,73.72,3.06
1996,5792,512,1118847558100,51.281,254.576,6451264.3,1873159.351,17,5.4,2,24,-1.91,5,1987,2007,75.26,3.14
1996,5793,512,1118847558200,51.235,256.966,6451266.052,1873157.722,17,5.4,2,23.84,-1.78,5,1987,2007,76.87,3.22
1996,5794,512,1118847558300,51.237,259.316,6451267.75,1873156.078,17,5.4,2,23.91,2.29,5,1987,2007,78.54,3.28
1996,5795,512,1118847558400,51.326,261.676,6451269.355,1873154.403,17,5.4,2,24.48,8.83,5,1987,2007,80.25,3.28
1996,5796,512,1118847558500,51.456,264.167,6451271.032,1873152.601,17,5.4,2,25.61,11.2,5,1987,2007,81.59,3.19
1996,5797,512,1118847558600,51.623,266.807,6451272.801,1873150.66,17,5.4,2,27.12,11.2,5,1987,2007,82.68,3.05
1996,5798,512,1118847558700,51.815,269.588,6451274.681,1873148.575,17,5.4,2,28.6,11.2,5,1987,2007,83.4,2.92
1996,5799,512,1118847558800,52.025,272.513,6451276.679,1873146.353,17,5.4,2,29.78,9.7,5,1987,2007,84.2,2.83
1996,5800,512,1118847558900,52.177,275.566,6451278.774,1873144.116,17,5.4,2,30.58,5.92,5,1987,2007,84.98,2.78
1996,5801,512,1118847559000,52.264,278.672,6451280.933,1873141.909,17,5.4,2,31.07,3.54,5,1987,2007,85.95,2.77
1996,5802,512,1118847559100,52.295,281.813,6451283.164,1873139.709,17,5.4,2,31.28,1.02,5,1987,2007,86.8,2.77
1996,5803,512,1118847559200,52.336,284.966,6451285.419,1873137.472,17,5.4,2,31.22,-2.12,5,1987,2007,87.63,2.81
1996,5804,512,1118847559300,52.319,288.089,6451287.682,1873135.309,17,5.4,2,30.96,-3.69,5,1987,2007,88.5,2.86
1996,5805,512,1118847559400,52.156,291.157,6451289.993,1873133.302,17,5.4,2,30.72,-1.84,5,1987,2007,89.48,2.91
1996,5806,512,1118847559500,51.939,294.195,6451292.32,1873131.355,17,5.4,2,30.72,1.84,5,1987,2007,90.63,2.95
1996,5807,512,1118847559600,51.777,297.262,6451294.63,1873129.348,17,5.4,2,30.97,3.82,5,1987,2007,91.87,2.97
1996,5808,512,1118847559700,51.76,300.385,6451296.893,1873127.184,17,5.4,2,31.26,2.52,5,1987,2007,93.2,2.98
1996,5809,512,1118847559800,51.813,303.546,6451299.14,1873124.939,17,5.4,2,31.33,-1,5,1987,2007,94.54,3.02
1996,5810,512,1118847559900,51.83,306.693,6451301.392,1873122.739,17,5.4,2,31.11,-3.79,5,1987,2007,95.91,3.08
1996,5811,512,1118847560000,51.839,309.778,6451303.617,1873120.575,17,5.4,2,30.83,-2.57,5,1987,2007,97.33,3.16
1996,5812,512,1118847560100,51.84,312.815,6451305.785,1873118.479,17,5.4,2,30.88,2.79,5,1987,2007,98.79,3.2
1996,5813,512,1118847560200,51.799,315.874,6451307.995,1873116.4,17,5.4,2,31.46,9.18,5,1987,2007,100.23,3.19
1996,5814,512,1118847560300,51.762,319.057,6451310.302,1873114.221,17,5.4,2,32.5,11.2,5,1987,2007,101.55,3.12
1996,5815,512,1118847560400,51.776,322.363,6451312.683,1873111.901,17,5.4,2,33.64,10.9,5,1987,2007,102.74,3.05
1996,5816,512,1118847560500,51.808,325.812,6451315.148,1873109.474,17,5.4,2,34.48,6.26,5,1987,2007,103.79,3.01
1996,5817,512,1118847560600,51.799,329.32,6451317.692,1873107.027,17,5.4,2,34.91,1.96,5,1987,2007,104.76,3
1996,5818,512,1118847560700,51.791,332.838,6451320.214,1873104.601,17,5.4,2,35.03,-0.13,5,1987,2007,105.74,3.02
1996,5819,512,1118847560800,51.783,336.342,6451322.737,1873102.174,17,5.4,2,35.02,-0.26,5,1987,2007,106.79,3.05
1996,5820,512,1118847560900,51.775,339.84,6451325.259,1873099.748,17,5.4,2,35,0,5,1987,2007,107.94,3.08
1996,5821,512,1118847561000,51.767,343.412,6451327.781,1873097.321,17,5.4,2,34.34,-10.68,5,1987,2007,109.15,3.18
1996,5822,512,1118847561100,51.758,346.741,6451330.304,1873094.895,17,5.4,2,32.8,-11.2,5,1987,2007,110.7,3.37
1996,5823,512,1118847561200,51.75,349.969,6451332.826,1873092.469,17,5.4,2,31.71,-9.6,5,1987,2007,112.41,3.55
1996,5824,512,1118847561300,51.79,352.981,6451335.349,1873090.042,17,5.4,2,31.71,9.57,5,1987,2007,114.37,3.61
1996,5825,512,1118847561400,51.865,356.208,6451337.871,1873087.616,17,5.4,2,32.8,11.2,5,1987,2007,116.1,3.54
1996,5826,512,1118847561500,51.94,359.538,6451340.393,1873085.189,17,5.4,2,34.31,10.41,5,1987,2007,117.73,3.43
1996,5827,512,1118847561600,52.014,363.105,6451342.916,1873082.763,17,5.4,2,34.96,-0.1,5,1987,2007,119.19,3.41
1996,5828,512,1118847561700,52.09,366.591,6451345.438,1873080.336,17,5.4,2,35.06,1.55,5,1987,2007,120.47,3.44
1996,5829,512,1118847561800,52.164,370.087,6451347.939,1873077.93,17,5.4,2,35.36,4.3,5,1987,2007,121.6,3.44
1996,5830,512,1118847561900,52.225,373.626,6451350.503,1873075.484,17,5.4,2,35.9,6.95,5,1987,2007,122.53,3.41
1996,5831,512,1118847562000,52.302,377.24,6451353.115,1873072.973,17,5.4,2,36.66,8.31,5,1987,2007,123.2,3.36
1996,5832,512,1118847562100,52.379,380.946,6451355.782,1873070.41,17,5.4,2,37.49,8.51,5,1987,2007,123.92,3.31
1996,5833,512,1118847562200,52.463,384.739,6451358.52,1873067.773,17,5.4,2,38.33,8.29,5,1987,2007,124.69,3.25
1996,5834,512,1118847562300,52.546,388.623,6451361.314,1873065.085,17,5.4,2,39.08,6.92,5,1987,2007,125.4,3.21
1996,5835,512,1118847562400,52.646,392.582,6451364.154,1873062.331,17,5.4,2,39.62,4.29,5,1987,2007,126.09,3.18
1996,5836,512,1118847562500,52.732,396.584,6451367.058,1873059.538,17,5.4,2,39.92,1.56,5,1987,2007,126.76,3.18
1996,5837,512,1118847562600,52.818,400.596,6451369.941,1873056.765,17,5.4,2,40.02,-0.09,5,1987,2007,127.44,3.18
1996,5838,512,1118847562700,52.903,404.6,6451372.824,1873053.992,17,5.4,2,40.01,-0.25,5,1987,2007,128.18,3.2
1996,5839,512,1118847562800,52.989,408.597,6451375.706,1873051.219,17,5.4,2,39.99,0,5,1987,2007,128.98,3.23
1996,5840,512,1118847562900,53.074,412.596,6451378.589,1873048.446,17,5.4,2,39.99,0,5,1987,2007,129.84,3.25
1996,5841,512,1118847563000,53.16,416.595,6451381.472,1873045.673,17,5.4,2,39.99,0,5,1987,2007,130.79,3.27
1996,5842,512,1118847563100,53.245,420.594,6451384.355,1873042.9,17,5.4,2,39.99,0,5,1987,2007,131.86,3.3
1996,5843,512,1118847563200,53.331,424.593,6451387.237,1873040.127,17,5.4,2,39.99,0.03,5,1987,2007,133,3.33
1996,5844,512,1118847563300,53.417,428.595,6451390.12,1873037.353,17,5.4,2,39.98,-0.28,5,1987,2007,134.14,3.36
1996,5845,512,1118847563400,53.503,432.586,6451393.003,1873034.58,17,5.4,2,40,0.46,5,1987,2007,135.27,3.38
1996,5846,512,1118847563500,53.582,436.559,6451395.892,1873031.809,17,5.4,2,40.32,4.94,5,1987,2007,136.38,3.38
1996,5847,512,1118847563600,53.675,440.583,6451398.741,1873029.058,17,5.4,2,41.22,11.2,5,1987,2007,137.45,3.33
1996,5848,512,1118847563700,53.659,444.803,6451401.784,1873026.275,17,5.4,2,42.82,11.2,5,1987,2007,138.32,3.23
1996,5849,512,1118847563800,53.612,449.196,6451405.032,1873023.345,17,5.4,2,44.92,11.2,5,1987,2007,138.99,3.09
1996,5850,512,1118847563900,53.505,453.788,6451408.496,1873020.299,17,5.4,2,47.04,11.2,5,1987,2007,139.42,2.96
1996,5851,512,1118847564000,53.352,458.557,6451412.173,1873017.118,17,5.4,2,48.67,11.2,5,1987,2007,139.64,2.87
1996,5852,512,1118847564100,53.075,463.517,6451416.054,1873013.918,17,5.4,2,49.64,5.73,5,1987,2007,139.67,2.81
1996,5853,512,1118847564200,52.783,468.544,6451419.934,1873010.74,17,5.4,2,50.02,1.05,5,1987,2007,139.65,2.79
1996,5854,512,1118847564300,52.489,473.559,6451423.815,1873007.562,17,5.4,2,50.1,0.1,5,1987,2007,139.63,2.79
1996,5855,512,1118847564400,52.196,478.591,6451427.696,1873004.384,17,5.4,2,49.9,-3.07,5,1987,2007,139.61,2.8
1996,5856,512,1118847564500,51.903,483.606,6451431.577,1873001.206,17,5.4,2,48.99,-11.2,5,1987,2007,139.6,2.85
1996,5857,512,1118847564600,51.623,488.402,6451435.467,1872998.002,17,5.4,2,47.39,-11.2,5,1987,2007,139.74,2.95
1996,5858,512,1118847564700,51.416,493.074,6451439.195,1872994.845,17,5.4,2,45.79,-11.2,5,1987,2007,139.9,3.06
1996,5859,512,1118847564800,51.299,497.56,6451442.776,1872991.8,17,5.4,2,44.72,-4.93,5,1987,2007,140.2,3.13
1996,5860,512,1118847564900,51.229,501.947,6451446.218,1872988.815,17,5.4,2,44.45,2.33,5,1987,2007,140.55,3.16
1996,5861,512,1118847565000,51.278,506.405,6451449.503,1872985.812,17,5.4,2,44.69,1.95,5,1987,2007,140.77,3.15
1996,5862,512,1118847565100,51.457,510.894,6451452.695,1872982.717,17,5.4,2,44.84,0.87,5,1987,2007,140.85,3.14
1996,5863,512,1118847565200,51.628,515.379,6451455.952,1872979.575,17,5.4,2,44.92,1.09,5,1987,2007,140.85,3.14
1996,5864,512,1118847565300,51.792,519.883,6451459.195,1872976.455,17,5.4,2,44.99,0.06,5,1987,2007,140.83,3.13
1996,5865,512,1118847565400,51.956,524.384,6451462.438,1872973.335,17,5.4,2,44.98,-0.22,5,1987,2007,140.83,3.13
1996,5866,512,1118847565500,52.119,528.88,6451465.681,1872970.216,17,5.4,2,44.97,0,5,1987,2007,140.83,3.13
1996,5867,512,1118847565600,52.282,533.378,6451468.924,1872967.096,17,5.4,2,44.96,-0.17,5,1987,2007,140.84,3.13
1996,5868,512,1118847565700,52.446,537.872,6451472.167,1872963.976,17,5.4,2,44.95,-0.06,5,1987,2007,140.86,3.13
1996,5869,512,1118847565800,52.609,542.358,6451475.411,1872960.857,17,5.4,2,45.04,1.47,5,1987,2007,140.88,3.13
1996,5870,512,1118847565900,52.776,546.849,6451478.636,1872957.748,17,5.4,2,45.37,4.67,5,1987,2007,140.83,3.1
1996,5871,512,1118847566000,52.911,551.388,6451481.922,1872954.628,17,5.4,2,45.97,7.79,5,1987,2007,140.6,3.06
1996,5872,512,1118847566100,53.034,556.02,6451485.288,1872951.453,17,5.4,2,46.73,8.06,5,1987,2007,140.16,3
1996,5873,512,1118847566200,53.186,560.752,6451488.725,1872948.175,17,5.4,2,47.36,5.03,5,1987,2007,139.49,2.95
1996,5874,512,1118847566300,53.285,565.541,6451492.237,1872944.902,17,5.4,2,47.66,0.89,5,1987,2007,138.69,2.91
1996,5875,512,1118847566400,53.237,570.33,6451495.838,1872941.746,17,5.4,2,47.64,-1.7,5,1987,2007,137.88,2.89
1996,5876,512,1118847566500,53.135,575.092,6451499.452,1872938.65,17,5.4,2,47.45,-2.41,5,1987,2007,137.12,2.89
1996,5877,512,1118847566600,53.163,579.833,6451502.952,1872935.483,17,5.4,2,47.13,-3.68,5,1987,2007,136.38,2.89
1996,5878,512,1118847566700,53.306,584.541,6451506.381,1872932.224,17,5.4,2,46.63,-5.92,5,1987,2007,135.69,2.91
1996,5879,512,1118847566800,53.503,589.182,6451509.728,1872928.967,17,5.4,2,46.03,-6.91,5,1987,2007,135.05,2.93
1996,5880,512,1118847566900,53.716,593.741,6451512.96,1872925.791,17,5.4,2,45.45,-5.12,5,1987,2007,134.45,2.96
1996,5881,512,1118847567000,53.852,598.239,6451516.219,1872922.693,17,5.4,2,45.09,-1.9,5,1987,2007,133.83,2.97
1996,5882,512,1118847567100,53.887,602.724,6451519.542,1872919.675,17,5.4,2,44.98,0,5,1987,2007,133.14,2.96
1996,5883,512,1118847567200,53.874,607.219,6451522.905,1872916.685,17,5.4,2,44.99,0.42,5,1987,2007,132.35,2.94
1996,5884,512,1118847567300,53.927,611.721,6451526.225,1872913.645,17,5.4,2,45.02,0.22,5,1987,2007,131.47,2.92
1996,5885,512,1118847567400,54.055,616.227,6451529.496,1872910.547,17,5.4,2,45.02,-0.16,5,1991,2007,84.5,1.88
1996,5886,512,1118847567500,54.127,620.759,6451532.812,1872907.485,17,5.4,2,44.74,-4.58,5,1991,2007,84.85,1.9
1996,5887,512,1118847567600,54.096,625.23,6451536.178,1872904.516,17,5.4,2,44.11,-8.2,5,1991,2007,85.17,1.93
1996,5888,512,1118847567700,53.997,629.576,6451539.598,1872901.591,17,5.4,2,43.66,-3.77,5,1991,2007,85.49,1.96
1996,5889,512,1118847567800,53.937,633.878,6451542.998,1872898.643,17,5.4,2,43.67,3.97,5,1991,2007,85.74,1.96
1996,5890,512,1118847567900,53.908,638.228,6451546.399,1872895.696,17,5.4,2,44.11,8.04,5,1991,2007,85.82,1.95
1996,5891,512,1118847568000,53.88,642.7,6451549.799,1872892.748,17,5.4,2,44.73,4.29,5,1991,2007,85.73,1.92
1996,5892,512,1118847568100,53.851,647.228,6451553.199,1872889.801,17,5.4,2,45,0,5,1991,2007,85.56,1.9
1996,5893,512,1118847568200,53.824,651.728,6451556.599,1872886.853,17,5.4,2,45,0,5,1991,2007,85.41,1.9
1996,5894,512,1118847568300,53.794,656.228,6451560,1872883.906,17,5.4,2,45,0,5,1991,2007,85.21,1.89
1996,5895,512,1118847568400,53.767,660.728,6451563.4,1872880.958,17,5.4,2,45,0,5,1991,2007,84.9,1.89
1996,5896,512,1118847568500,53.738,665.228,6451566.8,1872878.011,17,5.4,2,45,0,5,1991,2007,84.49,1.88
1996,5897,512,1118847568600,53.71,669.728,6451570.201,1872875.063,17,5.4,2,45,0,5,1991,2007,84.03,1.87
1996,5898,512,1118847568700,53.681,674.228,6451573.601,1872872.116,17,5.4,2,45,0,5,1991,2007,83.53,1.86
1996,5899,512,1118847568800,53.653,678.728,6451577.001,1872869.168,17,5.4,2,45,0,5,1991,2007,82.97,1.84
1996,5900,512,1118847568900,53.624,683.228,6451580.402,1872866.221,17,5.4,2,45,0,5,1991,2007,82.27,1.83
1996,5901,512,1118847569000,53.596,687.728,6451583.802,1872863.273,17,5.4,2,45,0,5,1991,2007,81.47,1.81
1996,5902,512,1118847569100,53.568,692.227,6451587.202,1872860.326,17,5.4,2,45,0,5,1991,2007,80.52,1.79
1996,5903,512,1118847569200,53.54,696.727,6451590.602,1872857.378,17,5.4,2,45,0,5,1991,2007,79.51,1.77
1996,5904,512,1118847569300,53.511,701.227,6451594.003,1872854.43,17,5.4,2,45,0,5,1991,2007,78.51,1.74
1996,5905,512,1118847569400,53.483,705.727,6451597.403,1872851.483,17,5.4,2,45,0,5,1991,2007,77.52,1.72
1996,5906,512,1118847569500,53.455,710.225,6451600.803,1872848.535,17,5.4,2,45.01,0.27,5,1991,2007,76.55,1.7
1996,5907,512,1118847569600,53.426,714.73,6451604.204,1872845.588,17,5.4,2,45.03,0.08,5,1991,2007,75.61,1.68
1996,5908,512,1118847569700,53.398,719.243,6451607.604,1872842.64,17,5.4,2,44.93,-1.61,5,1991,2007,74.71,1.66
1996,5909,512,1118847569800,53.369,723.746,6451611.027,1872839.673,17,5.4,2,44.62,-4.41,5,1991,2007,73.86,1.66
1996,5910,512,1118847569900,53.357,728.203,6451614.381,1872836.745,17,5.4,2,44.08,-6.83,5,1991,2007,73.07,1.66
1996,5911,512,1118847570000,53.331,732.578,6451617.687,1872833.877,17,5.4,2,43.42,-6.82,5,1991,2007,72.35,1.67
1996,5912,512,1118847570100,53.287,736.87,6451620.942,1872831.078,17,5.4,2,42.88,-4.39,5,1991,2007,71.7,1.67
1996,5913,512,1118847570200,53.26,741.116,6451624.135,1872828.31,17,5.4,2,42.59,-1.35,5,1991,2007,71.12,1.67
1996,5914,512,1118847570300,53.233,745.357,6451627.343,1872825.53,17,5.4,2,42.5,0.14,5,1991,2007,70.54,1.66
1996,5915,512,1118847570400,53.206,749.616,6451630.558,1872822.743,17,5.4,2,42.41,-1.35,5,1991,2007,69.93,1.65
1996,5916,512,1118847570500,53.18,753.87,6451633.788,1872819.943,17,5.4,2,42.12,-4.4,5,1991,2007,69.28,1.64
1996,5917,512,1118847570600,53.17,758.078,6451636.956,1872817.175,17,5.4,2,41.58,-6.84,5,1991,2007,68.63,1.65
1996,5918,512,1118847570700,53.143,762.203,6451640.072,1872814.474,17,5.4,2,40.92,-6.83,5,1991,2007,68.04,1.66
1996,5919,512,1118847570800,53.101,766.245,6451643.141,1872811.836,17,5.4,2,40.38,-4.4,5,1991,2007,67.51,1.67
1996,5920,512,1118847570900,53.076,770.24,6451646.141,1872809.235,17,5.4,2,40.1,-1.19,5,1991,2007,67.01,1.67
1996,5921,512,1118847571000,53.052,774.229,6451649.163,1872806.615,17,5.4,2,40.06,0.85,5,1991,2007,66.51,1.66
1996,5922,512,1118847571100,53.026,778.237,6451652.186,1872803.995,17,5.4,2,40.12,0.82,5,1991,2007,65.99,1.64
1996,5923,512,1118847571200,53.001,782.256,6451655.204,1872801.377,17,5.4,2,40.19,0.38,5,1991,2007,65.47,1.63
1996,5924,512,1118847571300,52.971,786.275,6451658.227,1872798.757,17,5.4,2,40.27,0.82,5,1991,2007,64.97,1.61
1996,5925,512,1118847571400,52.935,790.301,6451661.27,1872796.129,17,5.4,2,40.38,1.61,5,1991,2007,64.45,1.6
1996,5926,512,1118847571500,52.888,794.347,6451664.34,1872793.49,17,5.4,2,40.51,1.4,5,1991,2007,63.85,1.58
1996,5927,512,1118847571600,52.841,798.414,6451667.431,1872790.834,17,5.4,2,40.58,0.07,5,1991,2007,63.09,1.55
1996,5928,512,1118847571700,52.778,802.477,6451670.527,1872788.194,17,5.4,2,40.58,-0.53,5,1991,2007,62.22,1.53
1996,5929,512,1118847571800,52.687,806.534,6451673.625,1872785.59,17,5.4,2,40.53,-0.58,5,1991,2007,61.22,1.51
1996,5930,512,1118847571900,52.585,810.593,6451676.724,1872783,17,5.4,2,40.36,-2.11,5,1991,2007,60.15,1.49
1996,5931,512,1118847572000,52.495,814.643,6451679.846,1872780.374,17,5.4,2,39.93,-6.03,5,1991,2007,59.09,1.48
1996,5932,512,1118847572100,52.479,818.64,6451682.859,1872777.745,17,5.4,2,39.09,-11,5,1991,2007,58.09,1.49
1996,5933,512,1118847572200,52.465,822.482,6451685.779,1872775.194,17,5.4,2,37.86,-11.2,5,1991,2007,57.25,1.51
1996,5934,512,1118847572300,52.4,826.206,6451688.617,1872772.785,17,5.4,2,36.57,-11.2,5,1991,2007,56.52,1.55
1996,5935,512,1118847572400,52.285,829.787,6451691.356,1872770.529,17,5.4,2,35.56,-7.94,5,1991,2007,55.92,1.57
1996,5936,512,1118847572500,52.174,833.267,6451694.021,1872768.332,17,5.4,2,35.02,-2.49,5,1991,2007,55.43,1.58
1996,5937,512,1118847572600,52.075,836.734,6451696.702,1872766.105,17,5.4,2,34.89,0.52,5,1991,2007,55.02,1.58
1996,5938,512,1118847572700,52.054,840.222,6451699.339,1872763.813,17,5.4,2,34.94,0.75,5,1991,2007,54.72,1.57
1996,5939,512,1118847572800,52.086,843.724,6451701.949,1872761.475,17,5.4,2,34.99,0.21,5,1991,2007,54.55,1.56
1996,5940,512,1118847572900,52.095,847.226,6451704.571,1872759.157,17,5.4,2,35,0,5,1991,2007,54.48,1.56
1996,5941,512,1118847573000,52.103,850.726,6451707.194,1872756.839,17,5.4,2,35,-0.03,5,1991,2007,54.39,1.55
1996,5942,512,1118847573100,52.112,854.226,6451709.816,1872754.52,17,5.4,2,35,0,5,1991,2007,54.29,1.55
1996,5943,512,1118847573200,52.121,857.726,6451712.438,1872752.202,17,5.4,2,35,0,5,1991,2007,54.2,1.55
1996,5944,512,1118847573300,52.129,861.226,6451715.061,1872749.884,17,5.4,2,35,0,5,1991,2007,54.18,1.55
1996,5945,512,1118847573400,52.137,864.726,6451717.683,1872747.566,17,5.4,2,35,0,5,1991,2007,54.2,1.55
1996,5946,512,1118847573500,52.146,868.226,6451720.305,1872745.248,17,5.4,2,35,0,5,1991,2000,54.2,1.55
1996,5947,512,1118847573600,52.154,871.726,6451722.928,1872742.93,17,5.4,2,35,0,5,1991,2000,54.2,1.55
1996,5948,512,1118847573700,52.163,875.226,6451725.55,1872740.612,17,5.4,2,35,0,5,1991,2000,54.2,1.55
1996,5949,512,1118847573800,52.171,878.726,6451728.172,1872738.294,17,5.4,2,35,0,5,1991,2000,54.2,1.55
1996,5950,512,1118847573900,52.179,882.226,6451730.795,1872735.976,17,5.4,2,35,0,5,1991,2000,54.2,1.55
1996,5951,512,1118847574000,52.188,885.726,6451733.417,1872733.658,17,5.4,2,35,0,5,1991,2000,54.2,1.55
1996,5952,512,1118847574100,52.196,889.225,6451736.039,1872731.34,17,5.4,2,35.01,0.1,5,1991,2000,54.18,1.55
1996,5953,512,1118847574200,52.204,892.725,6451738.662,1872729.022,17,5.4,2,35.03,0.36,5,1991,2000,54.19,1.55
1996,5954,512,1118847574300,52.243,896.233,6451741.264,1872726.682,17,5.4,2,35.03,-0.19,5,1991,2000,54.27,1.55
1996,5955,512,1118847574400,52.212,899.769,6451743.922,1872724.385,17,5.4,2,34.69,-5.44,5,1991,2000,54.44,1.57
1996,5956,512,1118847574500,52.079,903.243,6451746.651,1872722.161,17,5.4,2,33.82,-11.2,5,1991,2000,54.78,1.62
1996,5957,512,1118847574600,51.95,906.568,6451749.313,1872719.991,17,5.4,2,32.74,-11.2,5,1991,2000,55.37,1.69
1996,5958,512,1118847574700,51.859,909.777,6451751.857,1872717.886,17,5.4,2,31.68,-9.05,5,1991,2000,56.14,1.77
1996,5959,512,1118847574800,51.816,912.868,6451754.299,1872715.821,17,5.4,2,30.89,-5.15,5,1991,2000,57.07,1.85
1996,5960,512,1118847574900,51.807,915.921,6451756.622,1872713.813,17,5.4,2,30.46,-3.96,5,1991,2000,58.05,1.91
1996,5961,512,1118847575000,51.831,918.942,6451758.848,1872711.846,17,5.4,2,30.15,-2.63,5,1991,2000,59.04,1.96
1996,5962,512,1118847575100,51.857,921.925,6451761.095,1872709.859,17,5.4,2,29.99,-0.11,5,1991,2000,60.07,2
1996,5963,512,1118847575200,51.882,924.92,6451763.343,1872707.872,17,5.4,2,29.98,0.27,5,1991,2000,61.1,2.04
1996,5964,512,1118847575300,51.907,927.922,6451765.591,1872705.885,17,5.4,2,30,0,5,1991,2000,62.18,2.07
1996,5965,512,1118847575400,51.931,930.922,6451767.839,1872703.898,17,5.4,2,30,0,5,1991,2000,63.4,2.11
1996,5966,512,1118847575500,51.957,933.921,6451770.086,1872701.911,17,5.4,2,30,0,5,1991,2000,64.74,2.16
1996,5967,512,1118847575600,51.982,936.921,6451772.334,1872699.924,17,5.4,2,30,0,5,1991,2000,66.2,2.21
1996,5968,512,1118847575700,52.006,939.922,6451774.582,1872697.937,17,5.4,2,30,-0.02,5,1991,2000,67.71,2.26
1996,5969,512,1118847575800,52.031,942.921,6451776.83,1872695.95,17,5.4,2,30,0,5,1991,2000,69.21,2.31
1996,5970,512,1118847575900,52.056,945.921,6451779.077,1872693.964,17,5.4,2,30,0,5,1987,2000,108.21,3.61
1996,5971,512,1118847576000,52.081,948.922,6451781.325,1872691.977,17,5.4,2,29.98,-0.24,5,1987,2000,109.21,3.64
1996,5972,512,1118847576100,52.106,951.918,6451783.573,1872689.99,17,5.4,2,29.97,-0.08,5,1987,2000,110.21,3.68
1996,5973,512,1118847576200,52.131,954.904,6451785.82,1872688.003,17,5.4,2,30.07,1.63,5,1987,2000,111.23,3.7
1996,5974,512,1118847576300,52.155,957.902,6451788.046,1872686.036,17,5.4,2,30.38,4.38,5,1987,2000,112.23,3.69
1996,5975,512,1118847576400,52.165,960.95,6451790.339,1872684.03,17,5.4,2,30.87,6,5,1987,2000,113.18,3.67
1996,5976,512,1118847576500,52.209,964.076,6451792.671,1872681.945,17,5.4,2,31.35,4.33,5,1987,2000,114.05,3.64
1996,5977,512,1118847576600,52.238,967.257,6451795.064,1872679.826,17,5.4,2,31.59,0.62,5,1987,2000,114.87,3.64
1996,5978,512,1118847576700,52.243,970.435,6451797.472,1872677.726,17,5.4,2,31.58,-1.61,5,1987,2000,115.7,3.66
1996,5979,512,1118847576800,52.218,973.585,6451799.85,1872675.692,17,5.4,2,31.46,-1.25,5,1987,2000,116.55,3.7
1996,5980,512,1118847576900,52.169,976.715,6451802.233,1872673.685,17,5.4,2,31.39,0.09,5,1987,2000,117.42,3.74
1996,5981,512,1118847577000,52.123,979.851,6451804.643,1872671.651,17,5.4,2,31.4,0.47,5,1987,2000,118.28,3.77
1996,5982,512,1118847577100,52.093,982.994,6451807.036,1872669.611,17,5.4,2,31.46,0.43,5,1987,2000,119.14,3.79
1996,5983,512,1118847577200,52.068,986.135,6451809.426,1872667.567,17,5.4,2,31.57,1.54,5,1987,2000,120,3.8
1996,5984,512,1118847577300,52.053,989.282,6451811.802,1872665.521,17,5.4,2,31.87,4.2,5,1987,2000,120.85,3.79
1996,5985,512,1118847577400,51.936,992.467,6451814.291,1872663.512,17,5.4,2,32.46,7.64,5,1987,2000,121.66,3.75
1996,5986,512,1118847577500,51.761,995.739,6451816.852,1872661.518,17,5.4,2,33.3,9.5,5,1987,2000,122.39,3.68
1996,5987,512,1118847577600,51.6,999.124,6451819.476,1872659.447,17,5.4,2,34.13,8.03,5,1987,2000,123.01,3.6
1996,5988,512,1118847577700,51.453,1002.601,6451822.212,1872657.258,17,5.4,2,34.73,4.14,5,1987,2000,123.53,3.56
1996,5989,512,1118847577800,51.434,1006.119,6451824.88,1872654.96,17,5.4,2,35,0.75,5,1987,2000,124.01,3.54
1996,5990,512,1118847577900,51.469,1009.632,6451827.496,1872652.634,17,5.4,2,35.04,-0.35,5,1987,2000,124.5,3.55
1996,5991,512,1118847578000,51.474,1013.134,6451830.132,1872650.331,17,5.4,2,35.01,-0.19,5,1987,2000,125,3.57
1996,5992,512,1118847578100,51.48,1016.633,6451832.767,1872648.028,17,5.4,2,35,0,5,1987,2000,125.49,3.59
1996,5993,512,1118847578200,51.485,1020.132,6451835.403,1872645.725,17,5.4,2,35,0,5,1987,2000,125.98,3.6
1996,5994,512,1118847578300,51.491,1023.632,6451838.038,1872643.422,17,5.4,2,35,0,5,1987,2000,126.48,3.61
1996,5995,512,1118847578400,51.496,1027.134,6451840.674,1872641.119,17,5.4,2,34.98,-0.24,5,1987,2000,127.02,3.63
1996,5996,512,1118847578500,51.501,1030.629,6451843.309,1872638.816,17,5.4,2,34.97,-0.05,5,1987,2000,127.65,3.65
1996,5997,512,1118847578600,51.506,1034.115,6451845.945,1872636.513,17,5.4,2,35.08,1.69,5,1987,2000,128.38,3.66
1996,5998,512,1118847578700,51.512,1037.614,6451848.558,1872634.229,17,5.4,2,35.39,4.47,5,1987,2000,129.1,3.65
1996,5999,512,1118847578800,51.501,1041.168,6451851.24,1872631.908,17,5.4,2,35.85,5.43,5,1987,2000,129.77,3.62
1996,6000,512,1118847578900,51.523,1044.797,6451853.965,1872629.505,17,5.4,2,36.2,2.49,5,1987,2000,130.36,3.6
1996,6001,512,1118847579000,51.528,1048.455,6451856.75,1872627.071,17,5.4,2,36.28,-1.26,5,1987,2000,130.98,3.61
1996,6002,512,1118847579100,51.533,1052.08,6451859.478,1872624.688,17,5.4,2,36.22,-1.27,5,1987,2000,131.68,3.64
1996,6003,512,1118847579200,51.54,1055.673,6451862.156,1872622.347,17,5.4,2,36.3,2.46,5,1987,2000,132.42,3.65
1996,6004,512,1118847579300,51.528,1059.295,6451864.887,1872619.983,17,5.4,2,36.63,5.17,5,1987,2000,133.14,3.63
1996,6005,512,1118847579400,51.55,1062.986,6451867.668,1872617.531,17,5.4,2,37.08,4.41,5,1987,2000,133.83,3.61
1996,6006,512,1118847579500,51.557,1066.724,6451870.51,1872615.047,17,5.4,2,37.49,3.29,5,1987,2000,134.54,3.59
1996,6007,512,1118847579600,51.562,1070.485,6451873.315,1872612.596,17,5.4,2,37.9,4.33,5,1987,2000,135.28,3.57
1996,6008,512,1118847579700,51.551,1074.282,6451876.182,1872610.113,17,5.4,2,38.44,6.59,5,1987,2000,136,3.54
1996,6009,512,1118847579800,51.557,1078.156,6451879.101,1872607.562,17,5.4,2,39.08,6.83,5,1987,2000,136.63,3.5
1996,6010,512,1118847579900,51.58,1082.113,6451882.067,1872604.948,17,5.4,2,39.62,4.38,5,1987,2000,137.16,3.46
1996,6011,512,1118847580000,51.586,1086.116,6451885.101,1872602.297,17,5.4,2,39.93,1.6,5,1987,2000,137.64,3.45
1996,6012,512,1118847580100,51.592,1090.129,6451888.113,1872599.665,17,5.4,2,40.03,-0.06,5,1987,2000,138.12,3.45
1996,6013,512,1118847580200,51.598,1094.133,6451891.126,1872597.033,17,5.4,2,40.02,-0.24,5,1987,2000,138.72,3.47
1996,6014,512,1118847580300,51.604,1098.132,6451894.138,1872594.401,17,5.4,2,40,0,5,1987,2000,139.47,3.49
1996,6015,512,1118847580400,51.61,1102.132,6451897.15,1872591.769,17,5.4,2,40,0,5,1987,2000,140.35,3.51
1996,6016,512,1118847580500,51.616,1106.132,6451900.162,1872589.137,17,5.4,2,40,0,5,1987,2000,141.41,3.54
1996,6017,512,1118847580600,51.622,1110.132,6451903.174,1872586.505,17,5.4,2,40,0,5,1987,2000,142.55,3.56
1996,6018,512,1118847580700,51.628,1114.132,6451906.186,1872583.873,17,5.4,2,40,0,5,1987,2000,143.6,3.59
1996,6019,512,1118847580800,51.635,1118.132,6451909.198,1872581.241,17,5.4,2,40,0,5,1987,2000,144.48,3.61
1996,6020,512,1118847580900,51.641,1122.134,6451912.21,1872578.609,17,5.4,2,39.98,-0.25,5,1987,2000,145.23,3.63
1996,6021,512,1118847581000,51.647,1126.129,6451915.222,1872575.977,17,5.4,2,39.97,-0.07,5,1987,2000,145.83,3.65
1996,6022,512,1118847581100,51.653,1130.113,6451918.234,1872573.345,17,5.4,2,40.1,2.05,5,1987,2000,146.35,3.65
1996,6023,512,1118847581200,51.659,1134.106,6451921.224,1872570.732,17,5.4,2,40.53,6.26,5,1987,2000,146.83,3.62
1996,6024,512,1118847581300,51.625,1138.161,6451924.298,1872568.1,17,5.4,2,41.37,10.7,5,1987,2000,147.27,3.56
1996,6025,512,1118847581400,51.609,1142.352,6451927.457,1872565.369,17,5.4,2,42.5,11.2,5,1987,2000,147.58,3.47
1996,6026,512,1118847581500,51.638,1146.661,6451930.698,1872562.507,17,5.4,2,43.63,10.7,5,1987,2000,147.77,3.39
1996,6027,512,1118847581600,51.686,1151.097,6451934.025,1872559.545,17,5.4,2,44.55,7.56,5,1987,2000,147.85,3.32
1996,6028,512,1118847581700,51.693,1155.612,6451937.436,1872556.565,17,5.4,2,45.17,4.48,5,1987,2000,147.82,3.27
1996,6029,512,1118847581800,51.7,1160.175,6451940.824,1872553.604,17,5.4,2,45.43,1.08,5,1987,2000,147.7,3.25
1996,6030,512,1118847581900,51.7,1164.738,6451944.213,1872550.643,17,5.4,2,45.41,-1.43,5,1987,2000,147.57,3.25
1996,6031,512,1118847582000,51.694,1169.282,6451947.601,1872547.682,17,5.4,2,45.27,-2.43,5,1987,2000,147.47,3.26
1996,6032,512,1118847582100,51.688,1173.79,6451950.99,1872544.721,17,5.4,2,45.08,-1.28,5,1987,2000,147.45,3.27
1996,6033,512,1118847582200,51.682,1178.281,6451954.378,1872541.76,17,5.4,2,45,0,5,1987,2000,147.47,3.28
1996,6034,512,1118847582300,51.676,1182.781,6451957.767,1872538.799,17,5.4,2,45,0,5,1987,2000,147.47,3.28
1996,6035,512,1118847582400,51.669,1187.281,6451961.156,1872535.838,17,5.4,2,45,0,5,1987,2007,147.47,3.28
1996,6036,512,1118847582500,51.663,1191.782,6451964.544,1872532.877,17,5.4,2,45,0,5,1987,2007,147.47,3.28
1996,6037,512,1118847582600,51.657,1196.281,6451967.933,1872529.916,17,5.4,2,45,0,5,1987,2007,147.47,3.28
1996,6038,512,1118847582700,51.651,1200.781,6451971.321,1872526.955,17,5.4,2,45,0,5,1987,2007,147.47,3.28
1996,6039,512,1118847582800,51.645,1205.281,6451974.71,1872523.994,17,5.4,2,45,0,5,1987,2007,147.47,3.28
1996,6040,512,1118847582900,51.639,1209.781,6451978.098,1872521.033,17,5.4,2,45,0,5,1987,2007,147.47,3.28
1996,6041,512,1118847583000,51.633,1214.284,6451981.487,1872518.072,17,5.4,2,44.98,-0.39,5,1987,2007,147.46,3.28
1996,6042,512,1118847583100,51.627,1218.775,6451984.875,1872515.111,17,5.4,2,44.97,0.15,5,1987,2007,147.46,3.28
1996,6043,512,1118847583200,51.62,1223.25,6451988.264,1872512.15,17,5.4,2,45.22,3.9,5,1987,2007,147.48,3.26
1996,6044,512,1118847583300,51.603,1227.753,6451991.626,1872509.227,17,5.4,2,45.93,9.94,5,1987,2007,147.53,3.21
1996,6045,512,1118847583400,51.58,1232.406,6451995.102,1872506.212,17,5.4,2,47.16,11.2,5,1987,2007,147.51,3.13
1996,6046,512,1118847583500,51.624,1237.204,6451998.683,1872503.016,17,5.4,2,48.74,11.2,5,1987,2007,147.36,3.02
1996,6047,512,1118847583600,51.679,1242.141,6452002.371,1872499.711,17,5.4,2,50.18,11.2,5,1987,2007,147.05,2.93
1996,6048,512,1118847583700,51.79,1247.243,6452006.187,1872496.22,17,5.4,2,51.16,6.87,5,1987,2007,146.55,2.86
1996,6049,512,1118847583800,51.925,1252.43,6452010.003,1872492.697,17,5.4,2,51.63,1.71,5,1987,2007,146.03,2.83
1996,6050,512,1118847583900,52.134,1257.62,6452013.745,1872489.14,17,5.4,2,51.7,-0.66,5,1987,2007,145.66,2.82
1996,6051,512,1118847584000,52.474,1262.788,6452017.422,1872485.466,17,5.4,2,51.63,-0.79,5,1987,2007,145.42,2.82
1996,6052,512,1118847584100,52.91,1267.947,6452021.007,1872481.745,17,5.4,2,51.57,-0.66,5,1987,2007,145.28,2.82
1996,6053,512,1118847584200,53.308,1273.098,6452024.618,1872478.051,17,5.4,2,51.52,-0.31,5,1987,2007,145.23,2.82
1996,6054,512,1118847584300,53.708,1278.245,6452028.228,1872474.356,17,5.4,2,51.51,0.12,5,1987,2007,145.2,2.82
1996,6055,512,1118847584400,54.108,1283.396,6452031.838,1872470.662,17,5.4,2,51.52,0.19,5,1987,2007,145.14,2.82
1996,6056,512,1118847584500,54.506,1288.554,6452035.449,1872466.968,17,5.4,2,51.49,-0.52,5,1987,2007,144.99,2.82
1996,6057,512,1118847584600,54.908,1293.723,6452039.067,1872463.263,17,5.4,2,51.24,-3.88,5,1987,2007,144.81,2.83
1996,6058,512,1118847584700,55.329,1298.848,6452042.661,1872459.555,17,5.4,2,50.7,-7.17,5,1987,2007,144.68,2.85
1996,6059,512,1118847584800,55.716,1303.878,6452046.23,1872455.913,17,5.4,2,50.11,-6.22,5,1987,2007,144.65,2.89
1996,6060,512,1118847584900,55.962,1308.833,6452049.856,1872452.412,17,5.4,2,49.71,-1.98,5,1987,2007,144.7,2.91
1996,6061,512,1118847585000,56.092,1313.765,6452053.53,1872449.042,17,5.4,2,49.65,1.81,5,1987,2007,144.77,2.92
1996,6062,512,1118847585100,56.121,1318.736,6452057.261,1872445.758,17,5.4,2,49.82,1.91,5,1987,2007,144.8,2.91
1996,6063,512,1118847585200,56.116,1323.737,6452061.039,1872442.477,17,5.4,2,49.95,0.6,5,1987,2007,144.79,2.9
1996,6064,512,1118847585300,56.133,1328.737,6452064.8,1872439.182,17,5.4,2,49.99,0.2,5,1987,2007,144.79,2.9
1996,6065,512,1118847585400,56.149,1333.739,6452068.561,1872435.888,17,5.4,2,50,-0.04,5,1987,2007,144.79,2.9
1996,6066,512,1118847585500,56.166,1338.739,6452072.322,1872432.593,17,5.4,2,50,0,5,1987,2007,144.79,2.9
1996,6067,512,1118847585600,56.183,1343.739,6452076.083,1872429.298,17,5.4,2,50,0,5,1987,2007,144.79,2.9
1996,6068,512,1118847585700,56.199,1348.739,6452079.844,1872426.004,17,5.4,2,50,0,5,1987,2007,144.79,2.9
1996,6069,512,1118847585800,56.216,1353.738,6452083.605,1872422.709,17,5.4,2,50,0,5,1987,2007,144.79,2.9
1996,6070,512,1118847585900,56.232,1358.738,6452087.366,1872419.415,17,5.4,2,50,0,5,1987,2007,144.79,2.9
1996,6071,512,1118847586000,56.249,1363.74,6452091.127,1872416.12,17,5.4,2,49.98,-0.25,5,1987,2007,144.79,2.9
1996,6072,512,1118847586100,56.266,1368.736,6452094.888,1872412.825,17,5.4,2,49.97,-0.08,5,1987,2006,144.8,2.9
1996,6073,512,1118847586200,56.282,1373.719,6452098.649,1872409.531,17,5.4,2,50.1,2.04,5,1987,2006,144.81,2.89
1996,6074,512,1118847586300,56.299,1378.712,6452102.388,1872406.255,17,5.4,2,50.53,6.27,5,1987,2006,144.82,2.87
1996,6075,512,1118847586400,56.274,1383.767,6452106.211,1872402.962,17,5.4,2,51.37,10.7,5,1987,2006,144.77,2.82
1996,6076,512,1118847586500,56.269,1388.958,6452110.119,1872399.568,17,5.4,2,52.5,11.2,5,1987,2006,144.6,2.75
1996,6077,512,1118847586600,56.309,1394.267,6452114.109,1872396.043,17,5.4,2,53.63,10.7,5,1987,2006,144.26,2.69
1996,6078,512,1118847586700,56.368,1399.712,6452118.185,1872392.418,17,5.4,2,54.47,6.27,5,1987,2006,143.69,2.64
1996,6079,512,1118847586800,56.386,1405.219,6452122.344,1872388.775,17,5.4,2,54.9,2.04,5,1987,2006,143.06,2.61
1996,6080,512,1118847586900,56.406,1410.718,6452126.481,1872385.15,17,5.4,2,55.19,2.52,5,1987,2006,142.53,2.58
1996,6081,512,1118847587000,56.424,1416.239,6452130.618,1872381.526,17,5.4,2,55.55,4.62,5,1987,2006,142.13,2.56
1996,6082,512,1118847587100,56.442,1421.829,6452134.755,1872377.902,17,5.4,2,55.8,2.34,5,1987,2006,141.77,2.54
1996,6083,512,1118847587200,56.438,1427.447,6452138.893,1872374.278,17,5.4,2,55.8,-2.35,5,1987,2006,141.39,2.53
1996,6084,512,1118847587300,56.427,1433.038,6452143.03,1872370.654,17,5.4,2,55.53,-4.89,5,1987,2006,141.05,2.54
1996,6085,512,1118847587400,56.416,1438.555,6452147.167,1872367.03,17,5.4,2,55.16,-2.6,5,1987,2006,140.75,2.55
1996,6086,512,1118847587500,56.405,1444.035,6452151.304,1872363.406,17,5.4,2,55.01,0.28,5,1987,2006,140.41,2.55
1996,6087,512,1118847587600,56.394,1449.54,6452155.441,1872359.782,17,5.4,2,55.03,0.09,5,1987,2006,139.93,2.54
1996,6088,512,1118847587700,56.383,1455.054,6452159.578,1872356.158,17,5.4,2,54.92,-1.69,5,1987,2006,139.31,2.54
1996,6089,512,1118847587800,56.372,1460.556,6452163.738,1872352.515,17,5.4,2,54.61,-4.49,5,1987,2006,138.65,2.54
1996,6090,512,1118847587900,56.378,1466.002,6452167.829,1872348.909,17,5.4,2,54.14,-5.56,5,1987,2006,138.07,2.55
1996,6091,512,1118847588000,56.351,1471.371,6452171.877,1872345.385,17,5.4,2,53.79,-2.49,5,1987,2006,137.65,2.56
1996,6092,512,1118847588100,56.341,1476.702,6452175.864,1872341.892,17,5.4,2,53.81,2.89,5,1987,2006,137.33,2.55
1996,6093,512,1118847588200,56.313,1482.076,6452179.912,1872338.368,17,5.4,2,54.2,5.85,5,1987,2006,136.97,2.53
1996,6094,512,1118847588300,56.327,1487.534,6452184.006,1872334.749,17,5.4,2,54.64,4.04,5,1987,2006,136.48,2.5
1996,6095,512,1118847588400,56.321,1493.048,6452188.173,1872331.092,17,5.4,2,54.82,-0.52,5,1987,2006,135.83,2.48
1996,6096,512,1118847588500,56.191,1498.557,6452192.387,1872327.559,17,5.4,2,54.58,-4.75,5,1987,2006,135.1,2.48
1996,6097,512,1118847588600,55.919,1504.005,6452196.659,1872324.164,17,5.4,2,54.02,-6.7,5,1987,2006,134.35,2.49
1996,6098,512,1118847588700,55.531,1509.369,6452200.952,1872320.906,17,5.4,2,53.41,-5.92,5,1987,2006,133.92,2.51
1996,6099,512,1118847588800,55.09,1514.666,6452205.204,1872317.753,17,5.4,2,52.96,-3.41,5,1987,2006,133.68,2.52
1996,6100,512,1118847588900,54.668,1519.927,6452209.429,1872314.6,17,5.4,2,52.73,-0.83,5,1987,2006,133.68,2.54
1996,6101,512,1118847589000,54.248,1525.187,6452213.665,1872311.434,17,5.4,2,52.69,0.26,5,1987,2006,133.67,2.54
1996,6102,512,1118847589100,53.829,1530.458,6452217.9,1872308.267,17,5.4,2,52.71,0.16,5,1987,2006,133.48,2.53
1996,6103,512,1118847589200,53.409,1535.755,6452222.136,1872305.1,17,5.4,2,52.5,-3.47,5,1987,2006,133.09,2.54
1996,6104,512,1118847589300,52.989,1541.002,6452226.372,1872301.934,17,5.4,2,52.02,-6.19,5,1987,2006,132.73,2.55
1996,6105,512,1118847589400,52.57,1546.145,6452230.608,1872298.767,17,5.4,2,51.8,-1.19,5,1987,2006,132.44,2.56
1996,6106,512,1118847589500,52.145,1551.263,6452234.845,1872295.642,17,5.4,2,52.16,8.07,5,1987,2006,132.14,2.53
1996,6107,512,1118847589600,51.816,1556.512,6452239.073,1872292.413,17,5.4,2,53.21,11.2,5,1987,2006,131.66,2.47
1996,6108,512,1118847589700,51.624,1561.902,6452243.297,1872289.005,17,5.4,2,54.69,11.2,5,1987,2006,130.94,2.39
1996,6109,512,1118847589800,51.495,1567.461,6452247.555,1872285.485,17,5.4,2,55.69,6.36,5,1987,2006,129.94,2.33
1996,6110,512,1118847589900,51.497,1573.125,6452251.892,1872281.723,17,5.4,2,55.78,-3.66,5,1987,2006,128.77,2.31
1996,6111,512,1118847590000,51.514,1578.728,6452256.148,1872278.011,17,5.4,2,55,-11.2,5,1987,2006,127.65,2.32
1996,6112,512,1118847590100,51.48,1584.148,6452260.272,1872274.482,17,5.4,2,53.54,-11.2,5,1987,2006,126.74,2.37
1996,6113,512,1118847590200,51.436,1589.43,6452264.279,1872271.066,17,5.4,2,51.99,-11.2,5,1987,2006,125.99,2.42
1996,6114,512,1118847590300,51.367,1594.558,6452268.165,1872267.789,17,5.4,2,50.84,-8.91,5,1987,2006,125.2,2.46
1996,6115,512,1118847590400,51.367,1599.561,6452271.919,1872264.535,17,5.4,2,50.21,-3.39,5,1987,2006,124.39,2.48
1996,6116,512,1118847590500,51.369,1604.54,6452275.696,1872261.258,17,5.4,2,49.99,-0.2,5,1987,2006,123.53,2.47
1996,6117,512,1118847590600,51.373,1609.534,6452279.472,1872257.98,17,5.4,2,49.98,0.26,5,1987,2006,122.82,2.46
1996,6118,512,1118847590700,51.376,1614.536,6452283.248,1872254.703,17,5.4,2,50,0,5,1987,2006,122.25,2.44
1996,6119,512,1118847590800,51.379,1619.536,6452287.024,1872251.426,17,5.4,2,50,0,5,1987,2006,121.8,2.44
1996,6120,512,1118847590900,51.383,1624.536,6452290.8,1872248.148,17,5.4,2,50,0,5,1987,2006,121.3,2.43
1996,6121,512,1118847591000,51.386,1629.536,6452294.576,1872244.871,17,5.4,2,50,0,5,1987,2006,120.8,2.42
1996,6122,512,1118847591100,51.389,1634.536,6452298.352,1872241.594,17,5.4,2,50,0,5,1987,2006,120.3,2.41
1996,6123,512,1118847591200,51.392,1639.485,6452302.128,1872238.316,17,5.4,2,50.46,7.43,5,1987,2006,119.85,2.38
1996,6124,512,1118847591300,51.395,1644.563,6452305.904,1872235.039,17,5.4,2,51.51,11.2,5,1987,2006,119.27,2.32
1996,6125,512,1118847591400,51.397,1649.801,6452309.681,1872231.762,17,5.4,2,52.15,4.89,5,1987,2006,118.53,2.27
1996,6126,512,1118847591500,51.374,1655.128,6452313.462,1872228.451,17,5.4,2,51.89,-10.09,5,1987,2006,117.7,2.27
1996,6127,512,1118847591600,51.266,1660.266,6452317.232,1872225.221,17,5.4,2,50.88,-11.2,5,1987,2006,117.07,2.3
1996,6128,512,1118847591700,51.08,1665.269,6452320.98,1872222.114,17,5.4,2,49.84,-5.26,5,1987,2006,116.56,2.34
1996,6129,512,1118847591800,50.931,1670.131,6452324.724,1872218.962,17,5.4,2,49.84,7.46,5,1987,2006,116.18,2.33
1996,6130,512,1118847591900,50.894,1675.139,6452328.485,1872215.644,17,5.4,2,50.61,8.98,5,1987,2006,115.71,2.29
1996,6131,512,1118847592000,50.939,1680.263,6452332.274,1872212.19,17,5.4,2,51.33,6,5,1987,2006,115.19,2.24
1996,6132,512,1118847592100,51.072,1685.451,6452336.075,1872208.608,17,5.4,2,51.74,2.11,5,1987,2006,114.58,2.21
1996,6133,512,1118847592200,51.173,1690.653,6452339.869,1872205.075,17,5.4,2,51.87,-0.08,5,1987,2006,113.86,2.2
1996,6134,512,1118847592300,51.275,1695.842,6452343.663,1872201.541,17,5.4,2,51.86,-0.3,5,1987,2006,113.02,2.18
1996,6135,512,1118847592400,51.376,1701.024,6452347.458,1872198.007,17,5.4,2,51.85,0.12,5,1987,2006,112.19,2.16
1996,6136,512,1118847592500,51.478,1706.21,6452351.252,1872194.473,17,5.4,2,51.86,0.11,5,1987,2006,111.45,2.15
1996,6137,512,1118847592600,51.58,1711.463,6452355.046,1872190.939,17,5.4,2,51.26,-9.78,5,1987,2006,110.7,2.16
1996,6138,512,1118847592700,51.67,1716.496,6452358.858,1872187.404,17,5.4,2,49.77,-11.2,5,1987,2006,110.18,2.21
1996,6139,512,1118847592800,51.801,1721.42,6452362.624,1872183.856,17,5.4,2,48.46,-11.2,5,1987,2006,109.76,2.26
1996,6140,512,1118847592900,51.995,1726.135,6452366.339,1872180.33,17,5.4,2,47.96,2.54,5,1987,2006,109.56,2.28
1996,6141,512,1118847593000,52.217,1730.876,6452370.007,1872176.884,17,5.4,2,48.43,11.2,5,1987,2006,109.32,2.26
1996,6142,512,1118847593100,52.346,1735.788,6452373.703,1872173.537,17,5.4,2,49.46,7.67,5,1987,2006,108.85,2.2
1996,6143,512,1118847593200,52.383,1740.834,6452377.456,1872170.262,17,5.4,2,49.95,0.19,5,1987,2006,108.18,2.17
1996,6144,512,1118847593300,52.386,1745.827,6452381.249,1872166.998,17,5.4,2,49.97,0.41,5,1987,2006,107.51,2.15
1996,6145,512,1118847593400,52.409,1750.828,6452385.025,1872163.721,17,5.4,2,50,0.1,5,1987,2006,106.87,2.14
1996,6146,512,1118847593500,52.433,1755.829,6452388.801,1872160.444,17,5.4,2,50,-0.04,5,1987,2006,106.32,2.13
1996,6147,512,1118847593600,52.457,1760.828,6452392.577,1872157.166,17,5.4,2,50,0,5,1987,2006,105.88,2.12
1996,6148,512,1118847593700,52.48,1765.828,6452396.353,1872153.889,17,5.4,2,50,0,5,1987,2006,105.52,2.11
1996,6149,512,1118847593800,52.504,1770.828,6452400.129,1872150.612,17,5.4,2,50,0,5,1987,2006,105.19,2.1
1996,6150,512,1118847593900,52.528,1775.828,6452403.905,1872147.334,17,5.4,2,50,0,5,1987,2006,104.92,2.1
1996,6151,512,1118847594000,52.551,1780.828,6452407.682,1872144.057,17,5.4,2,50,0,5,1987,2006,104.55,2.09
1996,6152,512,1118847594100,52.575,1785.808,6452411.458,1872140.78,17,5.4,2,50.19,3.03,5,1987,2006,104.04,2.07
1996,6153,512,1118847594200,52.599,1790.828,6452415.234,1872137.502,17,5.4,2,50.63,5.71,5,1987,2006,103.37,2.04
1996,6154,512,1118847594300,52.622,1795.934,6452419.01,1872134.225,17,5.4,2,50.94,2.75,5,1987,2006,102.48,2.01
1996,6155,512,1118847594400,52.631,1801.073,6452422.786,1872130.948,17,5.4,2,50.94,-2.74,5,1987,2006,101.54,1.99
1996,6156,512,1118847594500,52.621,1806.18,6452426.562,1872127.67,17,5.4,2,50.63,-5.71,5,1987,2006,100.62,1.99
1996,6157,512,1118847594600,52.612,1811.2,6452430.338,1872124.393,17,5.4,2,50.19,-3.05,5,1987,2006,99.71,1.99
1996,6158,512,1118847594700,52.602,1816.179,6452434.114,1872121.116,17,5.4,2,50,0,5,1987,2006,98.82,1.98
1996,6159,512,1118847594800,52.593,1821.177,6452437.89,1872117.838,17,5.4,2,50.02,0.26,5,1987,2006,97.86,1.96
1996,6160,512,1118847594900,52.582,1826.182,6452441.667,1872114.561,17,5.4,2,50.03,0.06,5,1987,2006,96.86,1.94
1996,6161,512,1118847595000,52.572,1831.196,6452445.443,1872111.284,17,5.4,2,49.93,-1.61,5,1987,2006,95.92,1.92
1996,6162,512,1118847595100,52.563,1836.198,6452449.241,1872107.987,17,5.4,2,49.62,-4.4,5,1987,2006,95.12,1.92
1996,6163,512,1118847595200,52.57,1841.156,6452452.971,1872104.728,17,5.4,2,49.08,-6.83,5,1987,2006,94.45,1.92
1996,6164,512,1118847595300,52.56,1846.031,6452456.654,1872101.531,17,5.4,2,48.41,-6.94,5,1987,2006,93.88,1.94
1996,6165,512,1118847595400,52.534,1850.824,6452460.285,1872098.403,17,5.4,2,47.84,-4.76,5,1987,2006,93.37,1.95
1996,6166,512,1118847595500,52.525,1855.559,6452463.853,1872095.305,17,5.4,2,47.58,-0.82,5,1987,2006,92.92,1.95
1996,6167,512,1118847595600,52.508,1860.277,6452467.432,1872092.209,17,5.4,2,47.77,4.41,5,1987,2006,92.49,1.94
1996,6168,512,1118847595700,52.491,1865.043,6452471.014,1872089.111,17,5.4,2,48.44,9.23,5,1987,2006,92.01,1.9
1996,6169,512,1118847595800,52.521,1869.924,6452474.675,1872085.881,17,5.4,2,49.48,11.2,5,1987,2006,91.41,1.85
1996,6170,512,1118847595900,52.639,1874.929,6452478.371,1872082.505,17,5.4,2,50.64,11.2,5,1987,2006,90.73,1.79
1996,6171,512,1118847596000,52.825,1880.118,6452482.13,1872078.982,17,5.4,2,51.15,0.8,5,1987,2006,89.66,1.75
1996,6172,512,1118847596100,53.091,1885.303,6452485.916,1872075.331,17,5.4,2,50.54,-11.2,5,1987,2006,88.45,1.75
1996,6173,512,1118847596200,53.331,1890.292,6452489.719,1872071.699,17,5.4,2,49.4,-11.2,5,1987,2006,87.41,1.77
1996,6174,512,1118847596300,53.455,1895.178,6452493.54,1872068.28,17,5.4,2,48.2,-9.7,5,1987,2006,86.71,1.8
1996,6175,512,1118847596400,53.523,1899.91,6452497.256,1872065.04,17,5.4,2,47.25,-5.41,5,1987,2006,86.28,1.83
1996,6176,512,1118847596500,53.526,1904.619,6452500.897,1872061.947,17,5.4,2,46.62,-7.94,5,1987,2006,86.15,1.85
1996,6177,512,1118847596600,53.417,1909.259,6452504.449,1872059.078,17,5.4,2,45.87,-9.09,5,1987,2006,86.02,1.88
1996,6178,512,1118847596700,53.356,1913.774,6452507.911,1872056.222,17,5.4,2,45.1,-5.29,5,1987,2006,85.94,1.91
1996,6179,512,1118847596800,53.307,1918.246,6452511.389,1872053.336,17,5.4,2,44.61,-4,5,1987,2006,85.85,1.92
1996,6180,512,1118847596900,53.322,1922.687,6452514.762,1872050.456,17,5.4,2,44.24,-3.89,5,1987,2006,85.73,1.94
1996,6181,512,1118847597000,53.371,1927.088,6452518.072,1872047.584,17,5.4,2,43.88,-3.24,5,1987,2006,85.67,1.95
1996,6182,512,1118847597100,53.509,1931.465,6452521.321,1872044.647,17,5.4,2,43.49,-4.02,5,1987,2006,85.66,1.97
1996,6183,512,1118847597200,53.778,1935.81,6452524.467,1872041.626,17,5.4,2,42.94,-6.71,5,1987,2006,85.68,2
1996,6184,512,1118847597300,53.998,1940.078,6452527.607,1872038.675,17,5.4,2,42.26,-7.68,5,1987,2006,85.77,2.03
1996,6185,512,1118847597400,54.162,1944.243,6452530.659,1872035.871,17,5.4,2,41.74,-3.9,5,1987,2006,85.94,2.06
1996,6186,512,1118847597500,54.515,1948.357,6452533.555,1872032.952,17,5.4,2,41.66,2.34,5,1987,2006,86.16,2.07
1996,6187,512,1118847597600,55.035,1952.511,6452536.36,1872029.891,17,5.4,2,41.98,5.43,5,1987,2006,86.36,2.06
1996,6188,512,1118847597700,55.633,1956.74,6452539.244,1872026.661,17,5.4,2,42.44,4.3,5,1987,2006,86.48,2.04
1996,6189,512,1118847597800,55.993,1961.028,6452542.272,1872023.62,17,5.4,2,42.72,1.08,5,1987,2006,86.59,2.03
1996,6190,512,1118847597900,56.164,1965.366,6452545.424,1872020.723,17,5.4,2,42.32,-7.66,5,1987,2006,86.56,2.05
1996,6191,512,1118847598000,56.011,1969.544,6452548.807,1872018.054,17,5.4,2,41.02,-11.2,5,1987,2006,86.53,2.11
1996,6192,512,1118847598100,55.881,1973.576,6452552.102,1872015.43,17,5.4,2,39.61,-11.2,5,1987,2006,86.57,2.19
1996,6193,512,1118847598200,55.872,1977.432,6452555.307,1872012.727,17,5.4,2,38.89,-1.5,5,1987,2006,86.9,2.23
1996,6194,512,1118847598300,56.021,1981.232,6452558.446,1872009.975,17,5.4,2,39.03,9.17,5,1987,2006,87.42,2.24
1996,6195,512,1118847598400,56.122,1985.173,6452561.599,1872007.274,17,5.4,2,39.83,8.33,5,1987,2006,87.95,2.21
1996,6196,512,1118847598500,56.076,1989.236,6452564.729,1872004.782,17,5.4,2,40.55,3.73,5,1987,2006,88.36,2.18
1996,6197,512,1118847598600,56.03,1993.32,6452567.859,1872002.29,17,5.4,2,40.85,2.77,5,1987,2006,88.78,2.17
1996,6198,512,1118847598700,56.151,1997.431,6452571.02,1871999.556,17,5.4,2,40.92,-0.02,5,1987,2006,89.18,2.18
1996,6199,512,1118847598800,56.262,2001.544,6452574.17,1871996.844,17,5.4,2,40.83,-3.09,5,1987,2006,89.51,2.19
1996,6200,512,1118847598900,56.257,2005.596,6452577.291,1871994.307,17,5.4,2,40.76,0.13,5,1987,2006,89.83,2.2
1996,6201,512,1118847599000,56.201,2009.625,6452580.409,1871991.836,17,5.4,2,41.12,7.31,5,1987,2006,90.14,2.19
1996,6202,512,1118847599100,56.289,2013.748,6452583.561,1871989.153,17,5.4,2,41.95,10.72,5,1987,2006,90.39,2.15
1996,6203,512,1118847599200,56.437,2018.012,6452586.772,1871986.344,17,5.4,2,42.83,7.81,5,1987,2006,90.59,2.12
1996,6204,512,1118847599300,56.724,2022.367,6452590.001,1871983.341,17,5.4,2,43.38,2.96,5,1987,2006,90.75,2.09
1996,6205,512,1118847599400,56.972,2026.742,6452593.218,1871980.398,17,5.4,2,43.57,0,5,1987,2006,90.89,2.09
1996,6206,512,1118847599500,57.22,2031.102,6452596.435,1871977.455,17,5.4,2,43.57,-0.19,5,1987,2006,91.03,2.09
1996,6207,512,1118847599600,57.469,2035.455,6452599.652,1871974.511,17,5.4,2,43.56,0.16,5,1987,2006,91.18,2.09
1996,6208,512,1118847599700,57.718,2039.822,6452602.868,1871971.568,17,5.4,2,43.48,-1.35,5,0,2006,0,0
1996,6209,512,1118847599800,57.963,2044.185,6452606.107,1871968.611,17,5.4,2,43.16,-4.76,5,0,2006,0,0
1996,6210,512,1118847599900,58.252,2048.503,6452609.276,1871965.654,17,5.4,2,42.12,-11.2,5,0,2006,0,0
1996,6211,512,1118847600000,58.493,2052.604,6452612.401,1871962.796,17,5.4,2,40.36,-11.2,5,0,2006,0,0
1996,6212,512,1118847600100,58.669,2056.586,6452615.457,1871960.077,17,5.4,2,38.91,-11.2,5,0,2006,0,0
1996,6213,512,1118847600200,58.758,2060.343,6452618.501,1871957.494,17,5.4,2,38.37,2.02,5,0,2006,0,0
1996,6214,512,1118847600300,58.762,2064.127,6452621.609,1871955.016,17,5.4,2,38.66,9.18,5,0,2006,0,0
1996,6215,512,1118847600400,58.74,2068.078,6452624.779,1871952.521,17,5.4,2,39.2,2,5,0,2006,0,0
1996,6216,512,1118847600500,58.756,2072.065,6452627.86,1871950.048,17,5.4,2,39.15,-5.26,5,0,2006,0,0
1996,6217,512,1118847600600,58.739,2075.937,6452630.898,1871947.652,17,5.4,2,38.8,-2.52,5,0,2006,0,0
1996,6218,512,1118847600700,58.739,2079.781,6452633.873,1871945.285,17,5.4,2,38.71,1.15,5,0,2006,0,0
1996,6219,512,1118847600800,58.739,2083.653,6452636.906,1871942.87,17,5.4,2,38.79,1.42,5,0,2006,0,0
1996,6220,512,1118847600900,58.739,2087.552,6452639.992,1871940.415,17,5.4,2,38.81,-0.85,5,0,2006,0,0
1996,6221,512,1118847601000,58.739,2091.444,6452643.026,1871938,17,5.4,2,38.66,-2.81,5,0,2006,0,0
1996,6222,512,1118847601100,58.739,2095.302,6452646.024,1871935.614,17,5.4,2,38.34,-3.51,5,0,2006,0,0
1996,6223,512,1118847601200,58.738,2099.128,6452649.036,1871933.218,17,5.4,2,37.88,-5.25,5,0,2006,0,0
1996,6224,512,1118847601300,58.777,2102.902,6452651.963,1871930.838,17,5.4,2,37.27,-7.16,5,0,2006,0,0
1996,6225,512,1118847601400,58.755,2106.573,6452654.855,1871928.565,17,5.4,2,36.79,-3.83,5,0,2006,0,0
1996,6226,512,1118847601500,58.735,2110.209,6452657.642,1871926.369,17,5.4,2,36.62,0.36,5,0,2006,0,0
1996,6227,512,1118847601600,58.714,2113.845,6452660.482,1871924.132,17,5.4,2,36.74,3.51,5,0,2006,0,0
1996,6228,512,1118847601700,58.73,2117.645,6452663.488,1871921.716,17,5.4,2,36.74,0,5,0,2006,0,0
1996,6229,512,1118847601800,58.726,2121.145,6452666.227,1871919.537,17,5.4,2,36.74,0,5,0,2006,0,0
1996,6230,512,1118847601900,58.723,2125.145,6452669.357,1871917.046,17,5.4,2,36.74,0,5,0,2006,0,0
