Vehicle_ID,Frame_ID,Total_Frames,Global_Time,Local_X,Local_Y,Global_X,Global_Y,v_Length,v_Width,v_Class,v_Vel,v_Acc,Lane_ID,Preceeding,Following,Space_Hdwy,Time_Hdwy
2000,5883,366,1.11885E+12,68.43,502.759,6451435.337,1872975.47,17.5,5.4,2,54.13,0,7,0,0,0,0
2000,5884,366,1.11885E+12,68.203,507.207,6451438.804,1872972.675,17.5,5.4,2,54.13,0,7,0,0,0,0
2000,5885,366,1.11885E+12,67.949,512.62,6451443.008,1872969.256,17.5,5.4,2,54.13,0,7,0,0,0,0
2000,5886,366,1.11885E+12,67.695,518.033,6451447.212,1872965.836,17.5,5.4,2,54.13,0,7,0,0,0,0
2000,5887,366,1.11885E+12,67.442,523.445,6451451.415,1872962.417,17.5,5.4,2,54.13,0,7,0,0,0,0
2000,5888,366,1.11885E+12,67.188,528.858,6451455.619,1872958.998,17.5,5.4,2,54.13,0,7,0,0,0,0
2000,5889,366,1.11885E+12,66.935,534.269,6451459.823,1872955.578,17.5,5.4,2,54.14,0.25,7,0,0,0,0
2000,5890,366,1.11885E+12,66.682,539.685,6451464.026,1872952.159,17.5,5.4,2,54.17,0.31,7,0,0,0,0
2000,5891,366,1.11885E+12,66.428,545.116,6451468.23,1872948.739,17.5,5.4,2,54.07,-1.69,7,0,0,0,0
2000,5892,366,1.11885E+12,66.191,550.543,6451472.443,1872945.289,17.5,5.4,2,53.65,-6.15,7,0,0,0,0
2000,5893,366,1.11885E+12,65.933,555.911,6451476.637,1872941.885,17.5,5.4,2,52.8,-11.2,7,0,0,0,0
2000,5894,366,1.11885E+12,65.619,561.124,6451480.741,1872938.636,17.5,5.4,2,51.58,-11.2,7,0,0,0,0
2000,5895,366,1.11885E+12,65.265,566.221,6451484.777,1872935.502,17.5,5.4,2,50.28,-11.2,7,0,0,0,0
2000,5896,366,1.11885E+12,64.817,571.188,6451488.74,1872932.558,17.5,5.4,2,49.13,-10.41,7,0,0,0,0
2000,5897,366,1.11885E+12,64.456,576.045,6451492.603,1872929.588,17.5,5.4,2,48.07,-9.96,7,0,0,0,0
2000,5898,366,1.11885E+12,64.219,580.802,6451496.327,1872926.575,17.5,5.4,2,46.92,-11.2,7,0,0,0,0
2000,5899,366,1.11885E+12,64.062,585.413,6451499.908,1872923.583,17.5,5.4,2,45.48,-11.2,7,0,0,0,0
2000,5900,366,1.11885E+12,63.955,589.877,6451503.327,1872920.669,17.5,5.4,2,43.85,-11.2,7,0,2006,0,0
2000,5901,366,1.11885E+12,63.835,594.191,6451506.581,1872917.92,17.5,5.4,2,42.31,-11.2,7,0,2006,0,0
2000,5902,366,1.11885E+12,63.75,598.341,6451509.714,1872915.232,17.5,5.4,2,41.24,-7.54,7,0,2006,0,0
2000,5903,366,1.11885E+12,63.671,602.368,6451512.761,1872912.613,17.5,5.4,2,40.94,1.33,7,0,2006,0,0
2000,5904,366,1.11885E+12,63.568,606.417,6451515.823,1872910.013,17.5,5.4,2,41.43,9.05,7,0,2006,0,0
2000,5905,366,1.11885E+12,63.482,610.595,6451518.993,1872907.294,17.5,5.4,2,42.47,11.2,7,0,2006,0,0
2000,5906,366,1.11885E+12,63.437,614.897,6451522.245,1872904.446,17.5,5.4,2,43.61,10.98,7,0,2006,0,0
2000,5907,366,1.11885E+12,63.409,619.344,6451525.584,1872901.497,17.5,5.4,2,44.46,6.27,6,1974,0,464.01,10.44
2000,5908,366,1.11885E+12,63.339,623.885,6451529.006,1872898.53,17.5,5.4,2,44.59,-3,6,1974,0,464.64,10.42
2000,5909,366,1.11885E+12,63.269,628.369,6451532.407,1872895.583,17.5,5.4,2,43.98,-9.61,6,1974,0,465.29,10.58
2000,5910,366,1.11885E+12,63.2,632.691,6451535.807,1872892.635,17.5,5.4,2,43.48,-4.29,6,1974,0,466.16,10.72
2000,5911,366,1.11885E+12,63.168,636.954,6451539.207,1872889.688,17.5,5.4,2,43.6,6.52,6,1974,0,467.16,10.71
2000,5912,366,1.11885E+12,63.153,641.314,6451542.591,1872886.737,17.5,5.4,2,44.39,11.2,6,1974,0,468.07,10.54
2000,5913,366,1.11885E+12,63.055,645.815,6451546.093,1872883.793,17.5,5.4,2,45.5,9.37,6,1974,0,468.75,10.3
2000,5914,366,1.11885E+12,62.92,650.456,6451549.638,1872880.86,17.5,5.4,2,46.21,3.7,6,1974,0,469.18,10.15
2000,5915,366,1.11885E+12,62.703,655.104,6451553.279,1872877.952,17.5,5.4,2,46.51,2.43,6,1974,0,469.58,10.1
2000,5916,366,1.11885E+12,62.531,659.779,6451556.899,1872875.002,17.5,5.4,2,46.66,0.63,6,1974,0,470.01,10.07
2000,5917,366,1.11885E+12,62.464,664.465,6451560.47,1872871.957,17.5,5.4,2,46.59,-1.85,6,1974,0,470.51,10.1
2000,5918,366,1.11885E+12,62.463,669.12,6451563.979,1872868.877,17.5,5.4,2,46.39,-2.67,6,1974,0,471.08,10.15
2000,5919,366,1.11885E+12,62.434,673.726,6451567.472,1872865.849,17.5,5.4,2,46.34,0.65,6,1974,0,471.75,10.18
2000,5920,366,1.11885E+12,62.39,678.324,6451570.917,1872862.883,17.5,5.4,2,46.73,6.76,6,1974,0,472.44,10.11
2000,5921,366,1.11885E+12,62.313,682.999,6451574.482,1872859.856,17.5,5.4,2,47.58,11.2,6,1974,0,473.12,9.94
2000,5922,366,1.11885E+12,62.305,687.814,6451578.112,1872856.68,17.5,5.4,2,48.63,10.69,6,1974,0,473.69,9.74
2000,5923,366,1.11885E+12,62.315,692.759,6451581.828,1872853.404,17.5,5.4,2,49.46,6.25,6,1974,0,474.1,9.59
2000,5924,366,1.11885E+12,62.283,697.765,6451585.628,1872850.11,17.5,5.4,2,49.9,2.06,6,1974,0,474.41,9.51
2000,5925,366,1.11885E+12,62.252,702.781,6451589.406,1872846.835,17.5,5.4,2,50.03,-0.02,6,1974,0,474.68,9.49
2000,5926,366,1.11885E+12,62.22,707.786,6451593.184,1872843.56,17.5,5.4,2,50.02,-0.17,6,1974,2006,475.04,9.5
2000,5927,366,1.11885E+12,62.189,712.786,6451596.962,1872840.285,17.5,5.4,2,50,-0.11,6,1974,2006,475.51,9.51
2000,5928,366,1.11885E+12,62.151,717.789,6451600.747,1872837.012,17.5,5.4,2,49.96,-0.66,6,1974,2006,476.01,9.53
2000,5929,366,1.11885E+12,62.145,722.788,6451604.51,1872833.717,17.5,5.4,2,49.84,-1.6,6,1974,2006,476.49,9.56
2000,5930,366,1.11885E+12,62.147,727.771,6451608.252,1872830.429,17.5,5.4,2,49.64,-2.55,6,1974,2006,476.89,9.61
2000,5931,366,1.11885E+12,62.052,732.723,6451612.042,1872827.228,17.5,5.4,2,49.39,-2.66,6,1974,2006,477.23,9.66
2000,5932,366,1.11885E+12,61.832,737.643,6451615.881,1872824.15,17.5,5.4,2,49.18,-1.73,6,1974,2006,477.51,9.71
2000,5933,366,1.11885E+12,61.5,742.544,6451619.775,1872821.173,17.5,5.4,2,49.06,-0.48,6,1974,2006,477.69,9.74
2000,5934,366,1.11885E+12,61.126,747.443,6451623.708,1872818.218,17.5,5.4,2,49.04,0.21,6,1974,2006,477.85,9.74
2000,5935,366,1.11885E+12,60.777,752.348,6451627.626,1872815.243,17.5,5.4,2,49.06,0.17,6,1974,2006,478.19,9.75
2000,5936,366,1.11885E+12,60.428,757.256,6451631.544,1872812.268,17.5,5.4,2,49.07,0,6,1974,2006,478.7,9.76
2000,5937,366,1.11885E+12,60.078,762.162,6451635.462,1872809.293,17.5,5.4,2,49.08,0.22,6,1974,2006,479.41,9.77
2000,5938,366,1.11885E+12,59.729,767.073,6451639.38,1872806.318,17.5,5.4,2,49.09,0,6,1974,2006,480.28,9.78
2000,5939,366,1.11885E+12,59.38,771.999,6451643.298,1872803.343,17.5,5.4,2,48.92,-2.66,6,1974,2006,481.37,9.84
2000,5940,366,1.11885E+12,59.039,776.907,6451647.229,1872800.345,17.5,5.4,2,48.4,-7.32,6,1974,2006,482.45,9.97
2000,5941,366,1.11885E+12,58.757,781.735,6451651.023,1872797.389,17.5,5.4,2,47.54,-10.84,6,1974,2006,483.45,10.17
2000,5942,366,1.11885E+12,58.453,786.429,6451654.728,1872794.534,17.5,5.4,2,46.57,-9.55,6,1974,2006,484.47,10.4
2000,5943,366,1.11885E+12,58.159,791,6451658.359,1872791.732,17.5,5.4,2,45.95,-3.51,6,1974,2006,485.46,10.57
2000,5944,366,1.11885E+12,57.967,795.54,6451661.861,1872788.907,17.5,5.4,2,45.83,1.87,6,1974,2006,486.43,10.61
2000,5945,366,1.11885E+12,57.774,800.119,6451665.439,1872786.017,17.5,5.4,2,46.05,3.45,6,1974,2006,487.34,10.58
2000,5946,366,1.11885E+12,57.532,804.754,6451669.101,1872783.117,17.5,5.4,2,46.27,1.28,5,1996,2007,63.47,1.37
2000,5947,366,1.11885E+12,57.279,809.414,6451672.744,1872780.25,17.5,5.4,2,46.2,-2.59,5,1996,2007,62.31,1.35
2000,5948,366,1.11885E+12,57.039,814.041,6451676.402,1872777.351,17.5,5.4,2,45.79,-5.66,5,1996,2007,61.18,1.34
2000,5949,366,1.11885E+12,56.871,818.603,6451679.93,1872774.472,17.5,5.4,2,45.18,-7.1,5,1996,2007,60.12,1.33
2000,5950,366,1.11885E+12,56.758,823.081,6451683.369,1872771.597,17.5,5.4,2,44.54,-6.12,5,1996,2007,59.14,1.33
2000,5951,366,1.11885E+12,56.693,827.497,6451686.707,1872768.747,17.5,5.4,2,43.97,-4.98,5,1996,2007,58.23,1.32
2000,5952,366,1.11885E+12,56.482,831.872,6451690.138,1872766.01,17.5,5.4,2,43.41,-5.63,5,1996,2007,57.35,1.32
2000,5953,366,1.11885E+12,56.18,836.192,6451693.605,1872763.362,17.5,5.4,2,42.8,-6.8,5,1996,2007,56.53,1.32
2000,5954,366,1.11885E+12,55.882,840.446,6451696.973,1872760.796,17.5,5.4,2,42.1,-7.62,5,1996,2007,55.79,1.33
2000,5955,366,1.11885E+12,55.656,844.615,6451700.255,1872758.211,17.5,5.4,2,41.35,-7.28,5,1996,2007,55.15,1.33
2000,5956,366,1.11885E+12,55.584,848.703,6451703.395,1872755.544,17.5,5.4,2,40.72,-5.75,5,1996,2007,54.54,1.34
2000,5957,366,1.11885E+12,55.607,852.732,6451706.375,1872752.892,17.5,5.4,2,40.28,-3.35,5,1996,2007,53.84,1.34
2000,5958,366,1.11885E+12,55.617,856.724,6451709.372,1872750.243,17.5,5.4,2,40.05,-0.76,5,1996,2007,53.05,1.32
2000,5959,366,1.11885E+12,55.626,860.717,6451712.369,1872747.594,17.5,5.4,2,40.02,0.31,5,1996,2007,52.15,1.3
2000,5960,366,1.11885E+12,55.665,864.721,6451715.346,1872744.923,17.5,5.4,2,40.03,0.14,5,1996,2007,51.2,1.28
2000,5961,366,1.11885E+12,55.636,868.725,6451718.378,1872742.295,17.5,5.4,2,40.05,0.09,5,1996,2007,50.22,1.25
2000,5962,366,1.11885E+12,55.523,872.735,6451721.457,1872739.737,17.5,5.4,2,40.02,-0.54,5,1996,2007,49.19,1.23
2000,5963,366,1.11885E+12,55.333,876.751,6451724.587,1872737.236,17.5,5.4,2,39.81,-3.06,5,1996,2007,48.17,1.21
2000,5964,366,1.11885E+12,55.024,880.743,6451727.807,1872734.816,17.5,5.4,2,39.29,-7.1,5,1996,2007,47.18,1.2
2000,5965,366,1.11885E+12,54.718,884.659,6451730.96,1872732.45,17.5,5.4,2,38.46,-10.22,5,1996,2007,46.26,1.2
2000,5966,366,1.11885E+12,54.467,888.46,6451733.964,1872730.141,17.5,5.4,2,37.43,-10.79,5,1996,2007,45.46,1.21
2000,5967,366,1.11885E+12,54.276,892.137,6451736.849,1872727.858,17.5,5.4,2,36.44,-9.08,5,1996,2007,44.78,1.23
2000,5968,366,1.11885E+12,54.197,895.717,6451739.603,1872725.54,17.5,5.4,2,35.7,-6.13,5,1996,2007,44.21,1.24
2000,5969,366,1.11885E+12,54.219,899.254,6451742.208,1872723.219,17.5,5.4,2,35.07,-5.81,5,1996,2007,43.67,1.25
2000,5970,366,1.11885E+12,54.228,902.727,6451744.83,1872720.901,17.5,5.4,2,34.47,-5.77,5,1996,2007,43.19,1.25
2000,5971,366,1.11885E+12,54.236,906.125,6451747.453,1872718.583,17.5,5.4,2,34.15,-2.29,5,1996,2007,42.8,1.25
2000,5972,366,1.11885E+12,54.282,909.502,6451750.055,1872716.243,17.5,5.4,2,34.16,2.42,5,1996,2007,42.42,1.24
2000,5973,366,1.11885E+12,54.271,912.906,6451752.713,1872713.946,17.5,5.4,2,34.43,5.06,5,1996,2007,42,1.22
2000,5974,366,1.11885E+12,54.16,916.387,6451755.419,1872711.742,17.5,5.4,2,34.83,2.72,5,1996,2007,41.51,1.19
2000,5975,366,1.11885E+12,54.019,919.903,6451758.154,1872709.551,17.5,5.4,2,35.01,0.38,5,1996,2007,41.05,1.17
2000,5976,366,1.11885E+12,53.868,923.409,6451760.895,1872707.368,17.5,5.4,2,35.02,0,5,1996,2007,40.67,1.16
2000,5977,366,1.11885E+12,53.747,926.928,6451763.618,1872705.162,17.5,5.4,2,34.86,-2.64,5,1996,2007,40.33,1.16
2000,5978,366,1.11885E+12,53.579,930.426,6451766.393,1872702.972,17.5,5.4,2,34.39,-6.62,5,1996,2007,40.01,1.16
2000,5979,366,1.11885E+12,53.365,933.856,6451769.123,1872700.882,17.5,5.4,2,33.58,-10.03,5,1996,2007,39.73,1.18
2000,5980,366,1.11885E+12,53.208,937.166,6451771.718,1872698.834,17.5,5.4,2,32.61,-10.04,5,1996,2007,39.55,1.21
2000,5981,366,1.11885E+12,53.073,940.352,6451774.223,1872696.836,17.5,5.4,2,31.84,-6.09,5,1996,2007,39.5,1.24
2000,5982,366,1.11885E+12,52.996,943.478,6451776.598,1872694.873,17.5,5.4,2,31.43,-1.86,5,1996,2007,39.52,1.26
2000,5983,366,1.11885E+12,52.899,946.599,6451779.02,1872692.897,17.5,5.4,2,31.28,-0.25,5,1996,2007,39.54,1.26
2000,5984,366,1.11885E+12,52.75,949.724,6451781.513,1872690.927,17.5,5.4,2,31.24,-0.44,5,1996,2007,39.56,1.27
2000,5985,366,1.11885E+12,52.644,952.845,6451783.922,1872688.973,17.5,5.4,2,31.27,0.19,5,1996,2007,39.62,1.27
2000,5986,366,1.11885E+12,52.63,955.957,6451786.263,1872686.957,17.5,5.4,2,31.4,2.54,5,1996,2007,39.78,1.27
2000,5987,366,1.11885E+12,52.625,959.098,6451788.651,1872684.888,17.5,5.4,2,31.71,4.11,5,1996,2007,40.03,1.26
2000,5988,366,1.11885E+12,52.572,962.292,6451791.087,1872682.84,17.5,5.4,2,32.09,3.61,5,1996,2007,40.31,1.26
2000,5989,366,1.11885E+12,52.451,965.525,6451793.619,1872680.799,17.5,5.4,2,32.4,2.72,5,1996,2007,40.59,1.25
2000,5990,366,1.11885E+12,52.326,968.784,6451796.157,1872678.759,17.5,5.4,2,32.65,2.02,5,1996,2007,40.85,1.25
2000,5991,366,1.11885E+12,52.272,972.063,6451798.659,1872676.656,17.5,5.4,2,32.81,1.31,5,1996,2007,41.07,1.25
2000,5992,366,1.11885E+12,52.252,975.355,6451801.168,1872674.501,17.5,5.4,2,32.9,0.63,5,1996,2007,41.28,1.25
2000,5993,366,1.11885E+12,52.22,978.653,6451803.674,1872672.365,17.5,5.4,2,32.94,0,5,1996,2007,41.48,1.26
2000,5994,366,1.11885E+12,52.201,981.948,6451806.172,1872670.219,17.5,5.4,2,32.94,-0.11,5,1996,2007,41.68,1.27
2000,5995,366,1.11885E+12,52.187,985.241,6451808.667,1872668.069,17.5,5.4,2,32.93,0,5,1996,2007,41.89,1.27
2000,5996,366,1.11885E+12,52.168,988.531,6451811.165,1872665.923,17.5,5.4,2,32.96,0.47,5,1996,2007,42.1,1.28
2000,5997,366,1.11885E+12,52.136,991.827,6451813.671,1872663.786,17.5,5.4,2,33.03,0.91,5,1996,2007,42.29,1.28
2000,5998,366,1.11885E+12,52.099,995.137,6451816.181,1872661.654,17.5,5.4,2,33.08,0.45,5,1996,2007,42.48,1.28
2000,5999,366,1.11885E+12,52.063,998.452,6451818.689,1872659.519,17.5,5.4,2,33.08,-0.43,5,1996,2007,42.72,1.29
2000,6000,366,1.11885E+12,52.025,1001.763,6451821.197,1872657.384,17.5,5.4,2,33.03,-0.92,5,1996,2007,43.03,1.3
2000,6001,366,1.11885E+12,51.987,1005.059,6451823.705,1872655.249,17.5,5.4,2,32.96,-0.49,5,1996,2007,43.4,1.32
2000,6002,366,1.11885E+12,51.949,1008.349,6451826.213,1872653.115,17.5,5.4,2,32.93,0,5,1996,2007,43.73,1.33
2000,6003,366,1.11885E+12,51.912,1011.642,6451828.721,1872650.98,17.5,5.4,2,32.93,0,5,1996,2007,44.03,1.34
2000,6004,366,1.11885E+12,51.874,1014.936,6451831.229,1872648.845,17.5,5.4,2,32.93,0,5,1996,2007,44.36,1.35
2000,6005,366,1.11885E+12,51.836,1018.23,6451833.737,1872646.711,17.5,5.4,2,32.93,-0.08,5,1996,2007,44.76,1.36
2000,6006,366,1.11885E+12,51.798,1021.523,6451836.245,1872644.576,17.5,5.4,2,32.91,-0.18,5,1996,2007,45.2,1.37
2000,6007,366,1.11885E+12,51.761,1024.81,6451838.753,1872642.441,17.5,5.4,2,32.93,0.24,5,1996,2007,45.67,1.39
2000,6008,366,1.11885E+12,51.699,1028.094,6451841.27,1872640.33,17.5,5.4,2,33.05,1.88,5,1996,2007,46.19,1.4
2000,6009,366,1.11885E+12,51.681,1031.392,6451843.762,1872638.183,17.5,5.4,2,33.36,4.31,5,1996,2007,46.76,1.4
2000,6010,366,1.11885E+12,51.766,1034.739,6451846.222,1872635.927,17.5,5.4,2,33.84,5.68,5,1996,2007,47.37,1.4
2000,6011,366,1.11885E+12,51.891,1038.156,6451848.722,1872633.584,17.5,5.4,2,34.33,4.78,5,1996,2007,47.96,1.4
2000,6012,366,1.11885E+12,52.004,1041.623,6451851.275,1872631.21,17.5,5.4,2,34.74,3.24,5,1996,2007,48.51,1.4
2000,6013,366,1.11885E+12,52.045,1045.116,6451853.882,1872628.884,17.5,5.4,2,35.09,3.2,5,1996,2007,49.02,1.4
2000,6014,366,1.11885E+12,52.043,1048.634,6451856.517,1872626.592,17.5,5.4,2,35.48,4.44,5,1996,2007,49.5,1.4
2000,6015,366,1.11885E+12,51.978,1052.194,6451859.255,1872624.292,17.5,5.4,2,35.97,5.69,5,1996,2007,49.94,1.39
2000,6016,366,1.11885E+12,51.86,1055.821,6451862.065,1872622.001,17.5,5.4,2,36.52,5.42,5,1996,2007,50.31,1.38
2000,6017,366,1.11885E+12,51.683,1059.509,6451864.955,1872619.719,17.5,5.4,2,36.98,4.01,5,1996,2007,50.62,1.37
2000,6018,366,1.11885E+12,51.429,1063.23,6451867.955,1872617.442,17.5,5.4,2,37.37,3.51,5,1996,2007,50.9,1.36
2000,6019,366,1.11885E+12,51.179,1066.976,6451870.928,1872615.183,17.5,5.4,2,37.83,5.04,5,1996,2007,51.16,1.35
2000,6020,366,1.11885E+12,50.911,1070.77,6451873.95,1872612.907,17.5,5.4,2,38.44,7.4,5,1996,2007,51.36,1.34
2000,6021,366,1.11885E+12,50.719,1074.65,6451877,1872610.504,17.5,5.4,2,39.13,7.21,5,1996,2007,51.48,1.32
2000,6022,366,1.11885E+12,50.588,1078.618,6451880.095,1872607.982,17.5,5.4,2,39.67,4.05,5,1996,2007,51.49,1.3
2000,6023,366,1.11885E+12,50.393,1082.627,6451883.254,1872605.488,17.5,5.4,2,39.95,0.99,5,1996,2007,51.48,1.29
2000,6024,366,1.11885E+12,50.116,1086.636,6451886.446,1872603.075,17.5,5.4,2,40.02,-0.07,5,1996,2007,51.52,1.29
2000,6025,366,1.11885E+12,49.773,1090.637,6451889.687,1872600.706,17.5,5.4,2,40.01,0.07,5,1996,2007,51.71,1.29
2000,6026,366,1.11885E+12,49.449,1094.638,6451892.917,1872598.323,17.5,5.4,2,40.01,0,5,1996,2007,52.02,1.3
2000,6027,366,1.11885E+12,49.096,1098.641,6451896.174,1872595.953,17.5,5.4,2,40.01,-0.18,5,1996,2007,52.46,1.31
2000,6028,366,1.11885E+12,48.641,1102.64,6451899.481,1872593.676,17.5,5.4,2,40,-0.1,5,1996,2007,52.97,1.32
2000,6029,366,1.11885E+12,48.118,1106.638,6451902.841,1872591.443,17.5,5.4,2,39.99,0.1,5,1996,2007,53.54,1.34
2000,6030,366,1.11885E+12,47.624,1110.637,6451906.182,1872589.187,17.5,5.4,2,40,0.11,5,1996,2007,54.1,1.35
2000,6031,366,1.11885E+12,47.13,1114.639,6451909.523,1872586.932,17.5,5.4,2,40.01,0,5,1996,2007,54.64,1.37
2000,6032,366,1.11885E+12,46.636,1118.64,6451912.864,1872584.676,17.5,5.4,2,40.01,0,5,1996,2007,55.15,1.38
2000,6033,366,1.11885E+12,46.142,1122.642,6451916.205,1872582.421,17.5,5.4,2,39.99,-0.32,5,1996,2007,55.64,1.39
2000,6034,366,1.11885E+12,45.649,1126.642,6451919.546,1872580.165,17.5,5.4,2,39.93,-0.71,5,1996,2007,56.14,1.41
2000,6035,366,1.11885E+12,45.125,1130.63,6451922.906,1872577.932,17.5,5.4,2,39.89,-0.4,4,1991,2015,181.69,4.55
2000,6036,366,1.11885E+12,44.663,1134.61,6451926.199,1872575.677,17.5,5.4,2,39.91,0.7,4,1991,2015,182.16,4.56
2000,6037,366,1.11885E+12,44.349,1138.6,6451929.411,1872573.295,17.5,5.4,2,40,1.39,4,1991,2015,182.67,4.57
2000,6038,366,1.11885E+12,44.175,1142.61,6451932.552,1872570.79,17.5,5.4,2,40.1,0.81,4,1991,2015,183.17,4.57
2000,6039,366,1.11885E+12,44.15,1146.629,6451935.612,1872568.157,17.5,5.4,2,40.15,0.03,4,1991,2015,183.65,4.57
2000,6040,366,1.11885E+12,44.214,1150.631,6451938.586,1872565.481,17.5,5.4,2,40.3,2.24,4,1991,2015,184.14,4.57
2000,6041,366,1.11885E+12,44.157,1154.643,6451941.648,1872562.89,17.5,5.4,2,40.79,6.98,4,1991,2015,184.61,4.53
2000,6042,366,1.11885E+12,43.985,1158.729,6451944.798,1872560.373,17.5,5.4,2,41.64,10.85,4,1991,2015,185.02,4.44
2000,6043,366,1.11885E+12,43.832,1162.946,6451948.029,1872557.761,17.5,5.4,2,42.75,11.2,4,1991,2015,185.36,4.34
2000,6044,366,1.11885E+12,43.723,1167.288,6451951.337,1872555.007,17.5,5.4,2,43.81,9.53,4,1991,2015,185.69,4.24
2000,6045,366,1.11885E+12,43.661,1171.743,6451954.745,1872552.103,17.5,5.4,2,44.55,5.54,4,1991,2015,186.02,4.18
2000,6046,366,1.11885E+12,43.685,1176.25,6451958.136,1872549.1,17.5,5.4,2,44.93,1.85,4,1991,2015,186.36,4.15
2000,6047,366,1.11885E+12,43.678,1180.769,6451961.525,1872546.139,17.5,5.4,2,45.04,-0.29,4,1991,2015,186.65,4.14
2000,6048,366,1.11885E+12,43.673,1185.272,6451964.913,1872543.178,17.5,5.4,2,45.01,-0.26,4,1991,2015,186.9,4.15
2000,6049,366,1.11885E+12,43.666,1189.77,6451968.302,1872540.217,17.5,5.4,2,45,0,4,1991,2015,187.09,4.16
2000,6050,366,1.11885E+12,43.66,1194.27,6451971.69,1872537.256,17.5,5.4,2,45,0,4,1991,2015,187.24,4.16
2000,6051,366,1.11885E+12,43.654,1198.77,6451975.079,1872534.295,17.5,5.4,2,45,0,4,1991,2015,187.38,4.16
2000,6052,366,1.11885E+12,43.648,1203.27,6451978.468,1872531.334,17.5,5.4,2,45,0,4,1991,2015,187.52,4.17
2000,6053,366,1.11885E+12,43.642,1207.77,6451981.856,1872528.373,17.5,5.4,2,45,0,4,1991,2015,187.67,4.17
2000,6054,366,1.11885E+12,43.635,1212.271,6451985.245,1872525.412,17.5,5.4,2,44.99,-0.15,4,1991,2015,187.83,4.17
2000,6055,366,1.11885E+12,43.63,1216.765,6451988.633,1872522.451,17.5,5.4,2,45.01,0.42,4,1991,2015,187.98,4.18
2000,6056,366,1.11885E+12,43.623,1221.252,6451992.022,1872519.49,17.5,5.4,2,45.21,3.04,4,1991,2015,188.12,4.16
2000,6057,366,1.11885E+12,43.625,1225.757,6451995.391,1872516.535,17.5,5.4,2,45.77,7.77,4,1991,2015,188.28,4.11
2000,6058,366,1.11885E+12,43.526,1230.359,6451998.902,1872513.591,17.5,5.4,2,46.8,11.2,4,1991,2015,188.43,4.03
2000,6059,366,1.11885E+12,43.373,1235.12,6452002.548,1872510.599,17.5,5.4,2,48.26,11.2,4,1991,2015,188.51,3.91
2000,6060,366,1.11885E+12,43.228,1240.026,6452006.333,1872507.475,17.5,5.4,2,49.86,11.2,4,1991,2015,188.52,3.78
2000,6061,366,1.11885E+12,43.094,1245.068,6452010.251,1872504.221,17.5,5.4,2,51.21,11.2,4,1991,2015,188.43,3.68
2000,6062,366,1.11885E+12,42.941,1250.283,6452014.311,1872500.867,17.5,5.4,2,52.05,5.29,4,1991,2015,188.2,3.62
2000,6063,366,1.11885E+12,42.813,1255.547,6452018.345,1872497.502,17.5,5.4,2,52.4,0.87,4,1991,2015,187.96,3.59
2000,6064,366,1.11885E+12,42.674,1260.802,6452022.379,1872494.152,17.5,5.4,2,52.45,-0.37,4,1991,2015,187.7,3.58
2000,6065,366,1.11885E+12,42.536,1266.043,6452026.413,1872490.801,17.5,5.4,2,52.42,-0.09,4,1991,2015,187.46,3.58
2000,6066,366,1.11885E+12,42.398,1271.284,6452030.446,1872487.451,17.5,5.4,2,52.42,0.11,4,1991,2015,187.22,3.57
2000,6067,366,1.11885E+12,42.259,1276.53,6452034.48,1872484.101,17.5,5.4,2,52.41,-0.34,4,1991,2015,186.98,3.57
2000,6068,366,1.11885E+12,42.121,1281.777,6452038.514,1872480.75,17.5,5.4,2,52.29,-1.69,4,1991,2015,186.73,3.57
2000,6069,366,1.11885E+12,41.959,1287.008,6452042.571,1872477.41,17.5,5.4,2,52.05,-3.22,4,1991,2015,186.5,3.58
2000,6070,366,1.11885E+12,41.892,1292.209,6452046.512,1872474.046,17.5,5.4,2,51.65,-4.86,4,1991,2015,186.3,3.61
2000,6071,366,1.11885E+12,41.902,1297.365,6452050.381,1872470.643,17.5,5.4,2,51.03,-7.17,4,1991,2015,186.14,3.65
2000,6072,366,1.11885E+12,41.952,1302.436,6452054.187,1872467.241,17.5,5.4,2,50.31,-7.86,4,1991,2015,186.07,3.7
2000,6073,366,1.11885E+12,42.058,1307.406,6452057.867,1872463.876,17.5,5.4,2,49.77,-4.19,4,1991,2015,186.1,3.74
2000,6074,366,1.11885E+12,42.1,1312.321,6452061.596,1872460.572,17.5,5.4,2,49.68,2.33,4,1991,2015,186.19,3.75
2000,6075,366,1.11885E+12,42.095,1317.266,6452065.352,1872457.31,17.5,5.4,2,50.09,6.98,4,1991,2015,186.24,3.72
2000,6076,366,1.11885E+12,42.095,1322.308,6452069.159,1872453.997,17.5,5.4,2,50.75,6.81,4,1991,2015,186.2,3.67
2000,6077,366,1.11885E+12,42.128,1327.434,6452073.01,1872450.602,17.5,5.4,2,51.3,4.23,4,1991,2015,186.07,3.63
2000,6078,366,1.11885E+12,42.146,1332.601,6452076.898,1872447.196,17.5,5.4,2,51.61,1.93,4,1991,2015,185.9,3.6
2000,6079,366,1.11885E+12,42.162,1337.786,6452080.795,1872443.783,17.5,5.4,2,51.71,-0.09,4,1991,2015,185.72,3.59
2000,6080,366,1.11885E+12,42.18,1342.969,6452084.692,1872440.369,17.5,5.4,2,51.6,-2.02,4,1991,2015,185.54,3.6
2000,6081,366,1.11885E+12,42.197,1348.125,6452088.58,1872436.963,17.5,5.4,2,51.36,-2.98,4,1991,2015,185.4,3.61
2000,6082,366,1.11885E+12,42.214,1353.236,6452092.433,1872433.588,17.5,5.4,2,51.18,-1.27,4,1991,2015,185.27,3.62
2000,6083,366,1.11885E+12,42.231,1358.322,6452096.236,1872430.256,17.5,5.4,2,51.28,2.84,4,1991,2015,185.09,3.61
2000,6084,366,1.11885E+12,42.231,1363.436,6452100.093,1872426.9,17.5,5.4,2,51.74,6.87,4,1991,2015,184.86,3.57
2000,6085,366,1.11885E+12,42.247,1368.632,6452104.005,1872423.475,17.5,5.4,2,52.49,8.54,4,1991,2015,184.62,3.52
2000,6086,366,1.11885E+12,42.266,1373.924,6452107.991,1872419.981,17.5,5.4,2,53.33,8.34,4,1991,2015,184.41,3.46
2000,6087,366,1.11885E+12,42.285,1379.308,6452112.035,1872416.438,17.5,5.4,2,54.08,6.91,4,1991,2015,184.17,3.41
2000,6088,366,1.11885E+12,42.319,1384.767,6452116.127,1872412.832,17.5,5.4,2,54.62,4.31,4,1991,2015,183.86,3.37
2000,6089,366,1.11885E+12,42.337,1390.269,6452120.286,1872409.189,17.5,5.4,2,54.93,1.6,4,1991,2015,183.51,3.34
2000,6090,366,1.11885E+12,42.355,1395.781,6452124.423,1872405.565,17.5,5.4,2,55.04,0.2,4,1991,2015,183.14,3.33
2000,6091,366,1.11885E+12,42.374,1401.289,6452128.56,1872401.941,17.5,5.4,2,55.04,-0.17,4,1991,2015,182.72,3.32
2000,6092,366,1.11885E+12,42.392,1406.802,6452132.697,1872398.317,17.5,5.4,2,54.92,-1.69,4,1991,2015,182.2,3.32
2000,6093,366,1.11885E+12,42.41,1412.288,6452136.856,1872394.674,17.5,5.4,2,54.75,-2.27,4,1991,2015,181.61,3.32
2000,6094,366,1.11885E+12,42.445,1417.752,6452140.948,1872391.068,17.5,5.4,2,54.57,-1.8,4,1991,2015,180.94,3.32
2000,6095,366,1.11885E+12,42.447,1423.203,6452144.995,1872387.544,17.5,5.4,2,54.32,-2.27,4,1991,2036,180.25,3.32
2000,6096,366,1.11885E+12,42.435,1428.628,6452149.006,1872384.031,17.5,5.4,2,54.03,-3.44,4,1991,2036,179.56,3.32
2000,6097,366,1.11885E+12,42.425,1434.028,6452153.007,1872380.526,17.5,5.4,2,53.64,-5.12,4,1991,2036,178.87,3.33
2000,6098,366,1.11885E+12,42.414,1439.362,6452157.031,1872377.001,17.5,5.4,2,53.16,-4.34,4,1991,2036,178.15,3.35
2000,6099,366,1.11885E+12,42.404,1444.646,6452161.019,1872373.507,17.5,5.4,2,52.8,-2.88,4,1991,2036,177.4,3.36
2000,6100,366,1.11885E+12,42.394,1449.914,6452164.95,1872370.064,17.5,5.4,2,52.5,-3.05,4,1991,2036,176.63,3.36
2000,6101,366,1.11885E+12,42.383,1455.145,6452168.917,1872366.589,17.5,5.4,2,52.19,-2.87,4,1991,2036,175.92,3.37
2000,6102,366,1.11885E+12,42.373,1460.348,6452172.827,1872363.164,17.5,5.4,2,51.96,-2.38,4,1991,2036,175.33,3.37
2000,6103,366,1.11885E+12,42.363,1465.527,6452176.701,1872359.77,17.5,5.4,2,51.76,-1.46,4,1991,2036,174.85,3.38
2000,6104,366,1.11885E+12,42.353,1470.695,6452180.598,1872356.356,17.5,5.4,2,51.57,-1.67,4,1991,2036,174.54,3.38
2000,6105,366,1.11885E+12,42.342,1475.859,6452184.486,1872352.951,17.5,5.4,2,51.28,-4,4,1991,2036,174.38,3.4
2000,6106,366,1.11885E+12,42.348,1480.977,6452188.337,1872349.556,17.5,5.4,2,50.83,-5.45,4,1991,2036,174.37,3.43
2000,6107,366,1.11885E+12,42.322,1486.026,6452192.144,1872346.243,17.5,5.4,2,50.38,-4.23,4,1991,2036,174.24,3.46
2000,6108,366,1.11885E+12,42.313,1491.027,6452195.883,1872342.967,17.5,5.4,2,50.08,-1.71,4,1991,2036,174.03,3.48
2000,6109,366,1.11885E+12,42.302,1496.013,6452199.644,1872339.673,17.5,5.4,2,49.97,0.06,4,1991,2036,173.66,3.48
2000,6110,366,1.11885E+12,42.293,1501.008,6452203.405,1872336.378,17.5,5.4,2,49.98,0.26,4,1991,2036,173.2,3.47
2000,6111,366,1.11885E+12,42.282,1506.01,6452207.166,1872333.084,17.5,5.4,2,50,0,4,1991,2036,172.7,3.45
2000,6112,366,1.11885E+12,42.273,1511.01,6452210.927,1872329.789,17.5,5.4,2,50,0,4,1991,2036,172.18,3.44
2000,6113,366,1.11885E+12,42.263,1516.007,6452214.688,1872326.494,17.5,5.4,2,50.02,0.32,4,1991,2036,171.68,3.43
2000,6114,366,1.11885E+12,42.253,1521.01,6452218.449,1872323.2,17.5,5.4,2,50.06,0.57,4,1991,2036,171.18,3.42
2000,6115,366,1.11885E+12,42.272,1526.024,6452222.191,1872319.883,17.5,5.4,2,50.07,-0.2,4,1991,2036,170.66,3.41
2000,6116,366,1.11885E+12,42.232,1531.035,6452226,1872316.587,17.5,5.4,2,50,-1.15,4,1991,2036,170.15,3.4
2000,6117,366,1.11885E+12,42.044,1536.041,6452229.876,1872313.428,17.5,5.4,2,49.81,-2.74,4,1991,2036,169.65,3.41
2000,6118,366,1.11885E+12,41.729,1541.001,6452233.801,1872310.396,17.5,5.4,2,49.61,-1.7,4,1991,2036,169.19,3.41
2000,6119,366,1.11885E+12,41.354,1545.915,6452237.802,1872307.376,17.5,5.4,2,49.81,4.29,4,1991,2036,168.82,3.39
2000,6120,366,1.11885E+12,41.127,1550.882,6452241.793,1872304.201,17.5,5.4,2,50.5,10,4,1991,2036,168.29,3.33
2000,6121,366,1.11885E+12,41.026,1555.97,6452245.764,1872300.892,17.5,5.4,2,51.42,10.81,4,1991,2036,167.47,3.26
2000,6122,366,1.11885E+12,40.997,1561.196,6452249.759,1872297.467,17.5,5.4,2,52.25,5.81,4,1991,2036,166.43,3.19
2000,6123,366,1.11885E+12,41.009,1566.488,6452253.739,1872294.002,17.5,5.4,2,52.63,0.8,4,1991,2036,165.42,3.14
2000,6124,366,1.11885E+12,41.04,1571.768,6452257.695,1872290.532,17.5,5.4,2,52.62,-1.02,4,1991,2015,164.57,3.13
2000,6125,366,1.11885E+12,41.081,1577.038,6452261.655,1872287.044,17.5,5.4,2,52.4,-3.08,4,1991,2015,163.86,3.13
2000,6126,366,1.11885E+12,41.188,1582.281,6452265.549,1872283.528,17.5,5.4,2,51.95,-5.81,4,1991,2015,163.13,3.14
2000,6127,366,1.11885E+12,41.289,1587.458,6452269.404,1872280.052,17.5,5.4,2,51.32,-7.34,4,1991,2015,162.46,3.17
2000,6128,366,1.11885E+12,41.365,1592.547,6452273.198,1872276.663,17.5,5.4,2,50.67,-6.15,4,1991,2015,161.81,3.19
2000,6129,366,1.11885E+12,41.382,1597.565,6452276.965,1872273.375,17.5,5.4,2,50.21,-3.18,4,1991,2015,161.1,3.21
2000,6130,366,1.11885E+12,41.37,1602.552,6452280.739,1872270.12,17.5,5.4,2,50,-0.63,4,1991,2015,160.31,3.21
2000,6131,366,1.11885E+12,41.374,1607.542,6452284.515,1872266.842,17.5,5.4,2,49.97,0.26,4,1991,2015,159.37,3.19
2000,6132,366,1.11885E+12,41.376,1612.541,6452288.291,1872263.565,17.5,5.4,2,49.99,0.14,4,1991,2015,158.37,3.17
2000,6133,366,1.11885E+12,41.379,1617.542,6452292.067,1872260.288,17.5,5.4,2,50,0,4,1991,2015,157.35,3.15
2000,6134,366,1.11885E+12,41.383,1622.542,6452295.843,1872257.01,17.5,5.4,2,50,0,4,1991,2015,156.35,3.13
2000,6135,366,1.11885E+12,41.385,1627.542,6452299.62,1872253.733,17.5,5.4,2,50,0,4,1991,2015,155.35,3.11
2000,6136,366,1.11885E+12,41.388,1632.542,6452303.396,1872250.456,17.5,5.4,2,50,0,4,1991,2015,154.33,3.09
2000,6137,366,1.11885E+12,41.392,1637.503,6452307.172,1872247.178,17.5,5.4,2,50.36,5.79,4,1991,2015,153.39,3.05
2000,6138,366,1.11885E+12,41.395,1642.541,6452310.948,1872243.901,17.5,5.4,2,51.19,10.84,4,1991,2015,152.43,2.98
2000,6139,366,1.11885E+12,41.398,1647.743,6452314.724,1872240.624,17.5,5.4,2,51.78,5.18,4,1991,2015,151.33,2.92
2000,6140,366,1.11885E+12,41.387,1653.007,6452318.5,1872237.346,17.5,5.4,2,51.78,-5.23,4,1991,2015,150.15,2.9
2000,6141,366,1.11885E+12,41.309,1658.21,6452322.276,1872234.069,17.5,5.4,2,51.19,-10.85,4,1991,2015,148.96,2.91
2000,6142,366,1.11885E+12,41.232,1663.247,6452326.052,1872230.792,17.5,5.4,2,50.35,-5.78,4,1991,2015,147.92,2.94
2000,6143,366,1.11885E+12,41.155,1668.207,6452329.828,1872227.514,17.5,5.4,2,50,0,4,1991,2015,146.97,2.94
2000,6144,366,1.11885E+12,41.077,1673.207,6452333.605,1872224.237,17.5,5.4,2,50,0,4,1991,2015,145.92,2.92
2000,6145,366,1.11885E+12,40.999,1678.205,6452337.381,1872220.96,17.5,5.4,2,50.01,0.24,4,1991,2015,144.8,2.9
2000,6146,366,1.11885E+12,40.922,1683.208,6452341.157,1872217.682,17.5,5.4,2,50.02,0.07,4,1991,2015,143.59,2.87
2000,6147,366,1.11885E+12,40.844,1688.225,6452344.933,1872214.405,17.5,5.4,2,49.89,-2.06,4,1991,2015,142.34,2.85
2000,6148,366,1.11885E+12,40.767,1693.231,6452348.731,1872211.108,17.5,5.4,2,49.46,-6.27,4,1991,2015,141.06,2.85
2000,6149,366,1.11885E+12,40.732,1698.175,6452352.445,1872207.83,17.5,5.4,2,48.63,-10.69,4,1991,2015,139.82,2.88
2000,6150,366,1.11885E+12,40.679,1702.983,6452356.073,1872204.652,17.5,5.4,2,47.49,-11.2,4,1991,2015,138.67,2.92
2000,6151,366,1.11885E+12,40.584,1707.674,6452359.62,1872201.603,17.5,5.4,2,46.36,-10.7,4,1991,2015,137.63,2.97
2000,6152,366,1.11885E+12,40.472,1712.251,6452363.081,1872198.654,17.5,5.4,2,45.09,-11.2,4,1991,2015,136.77,3.03
2000,6153,366,1.11885E+12,40.403,1716.675,6452366.457,1872195.724,17.5,5.4,2,43.64,-11.2,4,1991,2015,136.13,3.12
2000,6154,366,1.11885E+12,40.333,1720.958,6452369.855,1872192.775,17.5,5.4,2,42.79,-6.24,4,1991,2015,135.68,3.17
2000,6155,366,1.11885E+12,40.287,1725.13,6452373.254,1872189.825,17.5,5.4,2,42.8,6.63,4,1991,2036,135.34,3.16
2000,6156,366,1.11885E+12,40.309,1729.408,6452376.652,1872186.875,17.5,5.4,2,43.54,11.2,4,1991,2036,134.89,3.1
2000,6157,366,1.11885E+12,40.33,1733.838,6452380.051,1872183.926,17.5,5.4,2,44.56,7.06,4,1991,2036,134.33,3.01
2000,6158,366,1.11885E+12,40.352,1738.385,6452383.449,1872180.976,17.5,5.4,2,45,0,4,1991,2036,133.71,2.97
2000,6159,366,1.11885E+12,40.372,1742.885,6452386.848,1872178.027,17.5,5.4,2,45,0.02,4,1991,2036,133.17,2.96
2000,6160,366,1.11885E+12,40.394,1747.385,6452390.246,1872175.077,17.5,5.4,2,45,0,4,1991,2036,132.68,2.95
2000,6161,366,1.11885E+12,40.416,1751.885,6452393.645,1872172.127,17.5,5.4,2,45,0,4,1991,2036,132.13,2.94
2000,6162,366,1.11885E+12,40.437,1756.385,6452397.043,1872169.178,17.5,5.4,2,45,0,4,1991,2036,131.43,2.92
2000,6163,366,1.11885E+12,40.458,1760.885,6452400.442,1872166.228,17.5,5.4,2,45,0,4,1991,2036,130.62,2.9
2000,6164,366,1.11885E+12,40.479,1765.385,6452403.84,1872163.279,17.5,5.4,2,45,0,4,1991,2036,129.74,2.88
2000,6165,366,1.11885E+12,40.5,1769.885,6452407.239,1872160.329,17.5,5.4,2,45,0,4,1991,2015,128.83,2.86
2000,6166,366,1.11885E+12,40.522,1774.385,6452410.637,1872157.379,17.5,5.4,2,45,0,4,1991,2015,127.8,2.84
2000,6167,366,1.11885E+12,40.543,1778.885,6452414.036,1872154.43,17.5,5.4,2,45,0,4,1991,2015,126.65,2.81
2000,6168,366,1.11885E+12,40.565,1783.385,6452417.434,1872151.48,17.5,5.4,2,45,0,4,1991,2015,125.51,2.79
2000,6169,366,1.11885E+12,40.585,1787.869,6452420.833,1872148.531,17.5,5.4,2,45.15,2.35,4,1991,2015,124.47,2.76
2000,6170,366,1.11885E+12,40.607,1792.384,6452424.231,1872145.581,17.5,5.4,2,45.48,4.41,4,1991,2015,123.46,2.71
2000,6171,366,1.11885E+12,40.629,1796.965,6452427.63,1872142.631,17.5,5.4,2,45.74,2.34,4,1991,2015,122.4,2.68
2000,6172,366,1.11885E+12,40.631,1801.578,6452431.028,1872139.682,17.5,5.4,2,45.74,-2.26,4,1991,2015,121.29,2.65
2000,6173,366,1.11885E+12,40.622,1806.127,6452434.427,1872136.732,17.5,5.4,2,45.78,0.19,4,1991,2015,120.23,2.63
2000,6174,366,1.11885E+12,40.634,1810.681,6452437.831,1872133.75,17.5,5.4,2,46.93,11.2,4,1991,2015,119.18,2.54
2000,6175,366,1.11885E+12,40.466,1815.614,6452441.285,1872130.964,17.5,5.4,2,50.32,11.2,4,1991,2015,117.74,2.34
2000,6176,366,1.11885E+12,40.362,1820.988,6452445.221,1872127.672,17.5,5.4,2,56.09,11.2,4,1991,2015,115.89,2.07
2000,6177,366,1.11885E+12,40.231,1826.987,6452449.772,1872123.88,17.5,5.4,2,63.51,11.2,4,1991,2015,113.39,1.79
2000,6178,366,1.11885E+12,40.079,1833.702,6452454.97,1872119.553,17.5,5.4,2,71.07,11.2,4,1991,2015,110.12,1.55
2000,6179,366,1.11885E+12,39.926,1841.07,6452460.789,1872114.686,17.5,5.4,2,77.24,11.2,4,1991,2015,106.1,1.37
2000,6180,366,1.11885E+12,39.861,1848.929,6452467.096,1872109.277,17.5,5.4,2,81.25,11.2,4,1991,2015,101.53,1.25
2000,6181,366,1.11885E+12,39.737,1857.145,6452473.486,1872103.873,17.5,5.4,2,83.15,7.76,4,1991,2015,96.6,1.16
2000,6182,366,1.11885E+12,39.593,1865.57,6452479.89,1872098.484,17.5,5.4,2,83.51,-1.66,4,1991,2015,91.49,1.1
2000,6183,366,1.11885E+12,39.492,1873.922,6452486.265,1872093.064,17.5,5.4,2,82.09,-11.2,4,1991,2015,86.48,1.05
2000,6184,366,1.11885E+12,39.481,1881.802,6452492.581,1872087.575,17.5,5.4,2,77.55,-11.2,4,1991,2015,81.93,1.06
2000,6185,366,1.11885E+12,39.546,1889.03,6452498.659,1872082.193,17.5,5.4,2,69.2,-11.2,4,1991,2015,77.98,1.13
2000,6186,366,1.11885E+12,39.614,1895.305,6452503.784,1872077.741,17.5,5.4,2,57.43,-11.2,4,1991,2015,74.84,1.3
2000,6187,366,1.11885E+12,39.716,1900.357,6452507.694,1872074.291,17.5,5.4,2,43.8,-11.2,4,1991,2015,72.78,1.66
2000,6188,366,1.11885E+12,39.84,1904.123,6452510.404,1872071.83,17.5,5.4,2,30.94,-11.2,4,1991,2015,71.79,2.32
2000,6189,366,1.11885E+12,40.012,1906.819,6452511.976,1872070.271,17.5,5.4,2,21,-11.2,4,1991,2015,72.06,3.43
2000,6190,366,1.11885E+12,40.103,1908.739,6452512.714,1872069.526,17.5,5.4,2,15.02,-11.2,4,1991,2036,73.32,4.88
2000,6191,366,1.11885E+12,40.441,1910.124,6452513.474,1872068.438,17.5,5.4,2,12.67,-5.68,4,1991,2015,75.31,5.94
2000,6192,366,1.11885E+12,40.721,1911.307,6452514.236,1872067.425,17.5,5.4,2,12.35,0.9,4,1991,2015,77.75,6.3
2000,6193,366,1.11885E+12,41,1912.557,6452514.998,1872066.412,17.5,5.4,2,12.39,-0.41,4,1991,2015,80.26,6.48
2000,6194,366,1.11885E+12,41.279,1913.79,6452515.761,1872065.399,17.5,5.4,2,12.37,0.13,4,1991,2015,82.88,6.7
2000,6195,366,1.11885E+12,41.559,1914.992,6452516.523,1872064.386,17.5,5.4,2,12.71,5.44,4,1991,2015,85.57,6.73
2000,6196,366,1.11885E+12,41.839,1916.303,6452517.285,1872063.373,17.5,5.4,2,14.15,11.2,4,1991,2015,88.09,6.23
2000,6197,366,1.11885E+12,42.047,1917.924,6452518.104,1872062.405,17.5,5.4,2,17.24,11.2,4,1991,2015,90.2,5.23
2000,6198,366,1.11885E+12,42.302,1919.925,6452519.339,1872061.024,17.5,5.4,2,22.03,11.2,4,1991,2015,91.92,4.17
2000,6199,366,1.11885E+12,42.491,1922.431,6452521.109,1872059.274,17.5,5.4,2,27.9,11.2,4,1991,2015,93.23,3.34
2000,6200,366,1.11885E+12,42.596,1925.488,6452523.414,1872057.181,17.5,5.4,2,33.58,11.2,4,1991,2015,94.11,2.8
2000,6201,366,1.11885E+12,42.676,1929.018,6452526.226,1872054.692,17.5,5.4,2,37.91,11.2,4,1991,2015,94.58,2.49
2000,6202,366,1.11885E+12,42.655,1932.883,6452529.467,1872051.971,17.5,5.4,2,40.42,11.2,4,1991,2015,94.73,2.34
2000,6203,366,1.11885E+12,42.503,1937.064,6452532.732,1872049.4,17.5,5.4,2,41.26,0.11,4,1991,2015,94.56,2.29
2000,6204,366,1.11885E+12,42.357,1941.222,6452535.992,1872046.827,17.5,5.4,2,41.13,-3.75,4,1991,2015,94.4,2.3
2000,6205,366,1.11885E+12,42.289,1945.311,6452539.144,1872044.243,17.5,5.4,2,40.81,-2.89,4,1991,2015,94.31,2.31
2000,6206,366,1.11885E+12,42.318,1949.371,6452542.222,1872041.594,17.5,5.4,2,40.56,-1.98,4,1991,2015,94.25,2.32
2000,6207,366,1.11885E+12,42.493,1953.416,6452545.19,1872038.847,17.5,5.4,2,40.36,-1.86,4,1991,2015,94.21,2.33
2000,6208,366,1.11885E+12,42.692,1957.443,6452548.143,1872036.082,17.5,5.4,2,40.16,-2.06,4,1991,2015,94.2,2.35
2000,6209,366,1.11885E+12,42.746,1961.446,6452551.163,1872033.45,17.5,5.4,2,40.01,-1.39,4,1991,2015,94.16,2.35
2000,6210,366,1.11885E+12,42.648,1965.437,6452554.25,1872030.96,17.5,5.4,2,39.88,-0.94,4,1991,2015,94,2.36
2000,6211,366,1.11885E+12,42.493,1969.461,6452557.398,1872028.493,17.5,5.4,2,39.38,-7.23,4,1991,2015,93.78,2.38
2000,6212,366,1.11885E+12,42.368,1973.377,6452560.528,1872026.002,17.5,5.4,2,38.43,-11.2,4,1991,2015,93.72,2.44
2000,6213,366,1.11885E+12,42.237,1977.134,6452563.658,1872023.511,17.5,5.4,2,37.8,-5.06,4,1991,2015,93.93,2.48
2000,6214,366,1.11885E+12,42.19,1980.814,6452566.788,1872021.02,17.5,5.4,2,37.89,7.35,4,1991,2015,94.27,2.49
2000,6215,366,1.11885E+12,42.142,1984.607,6452569.918,1872018.53,17.5,5.4,2,38.66,11.2,4,1991,2015,94.53,2.45
2000,6216,366,1.11885E+12,42.094,1988.565,6452573.048,1872016.039,17.5,5.4,2,39.52,4.81,4,1991,2015,94.68,2.4
2000,6217,366,1.11885E+12,42.068,1992.602,6452576.184,1872013.516,17.5,5.4,2,39.69,-3.12,4,1991,2015,94.8,2.39
2000,6218,366,1.11885E+12,41.987,1996.546,6452579.304,1872011.077,17.5,5.4,2,39.53,-1.35,4,1991,2015,95.04,2.4
2000,6219,366,1.11885E+12,41.831,2000.458,6452582.401,1872008.753,17.5,5.4,2,39.69,4.03,4,1991,2015,95.34,2.4
2000,6220,366,1.11885E+12,41.751,2004.408,6452585.509,1872006.322,17.5,5.4,2,40.33,9.57,4,1991,2015,95.67,2.37
2000,6221,366,1.11885E+12,41.769,2008.48,6452588.656,1872003.733,17.5,5.4,2,41.29,10.59,4,1991,2015,95.93,2.32
2000,6222,366,1.11885E+12,41.87,2012.684,6452591.851,1872000.998,17.5,5.4,2,42.14,7.02,4,1991,2015,96.09,2.28
2000,6223,366,1.11885E+12,42.081,2016.963,6452595.064,1871998.107,17.5,5.4,2,42.63,2.57,4,1991,2015,96.22,2.26
2000,6224,366,1.11885E+12,42.258,2021.259,6452598.266,1871995.268,17.5,5.4,2,42.79,-0.07,4,1991,2015,96.38,2.25
2000,6225,366,1.11885E+12,42.434,2025.54,6452601.468,1871992.43,17.5,5.4,2,42.77,-0.38,4,1991,2036,96.6,2.26
2000,6226,366,1.11885E+12,42.611,2029.814,6452604.669,1871989.591,17.5,5.4,2,42.75,-0.08,4,1991,2036,96.82,2.26
2000,6227,366,1.11885E+12,42.788,2034.088,6452607.871,1871986.753,17.5,5.4,2,42.73,-0.17,4,0,2036,0,0
2000,6228,366,1.11885E+12,42.964,2038.356,6452611.073,1871983.915,17.5,5.4,2,42.76,0.59,4,0,2036,0,0
2000,6229,366,1.11885E+12,43.133,2042.625,6452614.273,1871981.088,17.5,5.4,2,42.91,2.19,4,0,2036,0,0
2000,6230,366,1.11885E+12,43.331,2046.947,6452617.457,1871978.236,17.5,5.4,2,42.93,-0.65,4,0,2036,0,0
2000,6231,366,1.11885E+12,43.541,2051.267,6452620.703,1871975.319,17.5,5.4,2,42.55,-6.09,4,0,2036,0,0
2000,6232,366,1.11885E+12,43.677,2055.499,6452624.002,1871972.454,17.5,5.4,2,42.05,-6.6,4,0,2036,0,0
2000,6233,366,1.11885E+12,43.766,2059.639,6452627.322,1871969.634,17.5,5.4,2,41.74,-0.75,4,0,2036,0,0
2000,6234,366,1.11885E+12,43.924,2063.759,6452630.576,1871966.843,17.5,5.4,2,41.91,6.09,4,0,2036,0,0
2000,6235,366,1.11885E+12,44.088,2067.975,6452633.772,1871964.089,17.5,5.4,2,42.48,6.19,4,0,2036,0,0
2000,6236,366,1.11885E+12,44.223,2072.277,6452637.072,1871961.291,17.5,5.4,2,42.94,2.81,4,0,2036,0,0
2000,6237,366,1.11885E+12,44.281,2076.595,6452640.41,1871958.56,17.5,5.4,2,43.18,1.5,4,0,2036,0,0
2000,6238,366,1.11885E+12,44.251,2080.917,6452643.808,1871955.894,17.5,5.4,2,43.38,2.11,4,0,2036,0,0
2000,6239,366,1.11885E+12,44.251,2085.251,6452647.197,1871953.197,17.5,5.4,2,43.7,4.32,4,0,2036,0,0
2000,6240,366,1.11885E+12,44.234,2089.635,6452650.627,1871950.489,17.5,5.4,2,44.17,5.43,4,0,2036,0,0
2000,6241,366,1.11885E+12,44.25,2094.084,6452654.099,1871947.705,17.5,5.4,2,44.64,4.48,4,0,2015,0,0
2000,6242,366,1.11885E+12,44.25,2098.585,6452657.643,1871944.884,17.5,5.4,2,44.98,2.23,4,0,2015,0,0
2000,6243,366,1.11885E+12,44.25,2103.109,6452661.164,1871942.082,17.5,5.4,2,45.11,0.19,4,0,2015,0,0
2000,6244,366,1.11885E+12,44.249,2107.626,6452664.685,1871939.28,17.5,5.4,2,45.1,-0.53,4,0,2015,0,0
2000,6245,366,1.11885E+12,44.245,2112.134,6452668.206,1871936.478,17.5,5.4,2,45.05,-0.53,4,0,2015,0,0
2000,6246,366,1.11885E+12,44.242,2116.633,6452671.727,1871933.676,17.5,5.4,2,45.05,0,4,0,2015,0,0
2000,6247,366,1.11885E+12,44.238,2121.133,6452675.248,1871930.874,17.5,5.4,2,45.05,0,4,0,2015,0,0
2000,6248,366,1.11885E+12,44.235,2125.633,6452678.769,1871928.072,17.5,5.4,2,45.05,0,4,0,2036,0,0
